Using pre-set license
Built from '2021.3/respin/2021.3.45f2-0da89fac8e' branch; Version is '2021.3.45f2 (88f88f591b2e) revision 8976527'; Using compiler version '192829333'; Build Type 'Release'
OS: 'Windows 11  (10.0.26100) 64bit Core' Language: 'ko' Physical Memory: 32603 MB
BatchMode: 1, IsHumanControllingUs: 0, StartBugReporterOnCrash: 0, Is64bit: 1, IsPro: 1

COMMAND LINE ARGUMENTS:
C:\Program Files\Unity\Hub\Editor\2021.3.45f2\Editor\Unity.exe
-adb2
-batchMode
-noUpm
-name
AssetImportWorker0
-projectPath
D:/Git/22559046_Shooting
-logFile
Logs/AssetImportWorker0.log
-srvPort
55769
Successfully changed project path to: D:/Git/22559046_Shooting
D:/Git/22559046_Shooting
[UnityMemory] Configuration Parameters - Can be set up in boot.config
    "memorysetup-bucket-allocator-granularity=16"
    "memorysetup-bucket-allocator-bucket-count=8"
    "memorysetup-bucket-allocator-block-size=33554432"
    "memorysetup-bucket-allocator-block-count=8"
    "memorysetup-main-allocator-block-size=16777216"
    "memorysetup-thread-allocator-block-size=16777216"
    "memorysetup-gfx-main-allocator-block-size=16777216"
    "memorysetup-gfx-thread-allocator-block-size=16777216"
    "memorysetup-cache-allocator-block-size=4194304"
    "memorysetup-typetree-allocator-block-size=2097152"
    "memorysetup-profiler-bucket-allocator-granularity=16"
    "memorysetup-profiler-bucket-allocator-bucket-count=8"
    "memorysetup-profiler-bucket-allocator-block-size=33554432"
    "memorysetup-profiler-bucket-allocator-block-count=8"
    "memorysetup-profiler-allocator-block-size=16777216"
    "memorysetup-profiler-editor-allocator-block-size=1048576"
    "memorysetup-temp-allocator-size-main=16777216"
    "memorysetup-job-temp-allocator-block-size=2097152"
    "memorysetup-job-temp-allocator-block-size-background=1048576"
    "memorysetup-job-temp-allocator-reduction-small-platforms=262144"
    "memorysetup-temp-allocator-size-background-worker=32768"
    "memorysetup-temp-allocator-size-job-worker=262144"
    "memorysetup-temp-allocator-size-preload-manager=33554432"
    "memorysetup-temp-allocator-size-nav-mesh-worker=65536"
    "memorysetup-temp-allocator-size-audio-worker=65536"
    "memorysetup-temp-allocator-size-cloud-worker=32768"
    "memorysetup-temp-allocator-size-gi-baking-worker=262144"
    "memorysetup-temp-allocator-size-gfx=262144"
Player connection [26832] Host "[IP] 192.168.219.164 [Port] 0 [Flags] 2 [Guid] 2265461826 [EditorId] 2265461826 [Version] 1048832 [Id] WindowsEditor(7,DESKTOP-PDS71R0) [Debug] 1 [PackageName] WindowsEditor [ProjectName] Editor" joined multi-casting on [225.0.0.222:54997]...

Player connection [26832] Host "[IP] 192.168.219.164 [Port] 0 [Flags] 2 [Guid] 2265461826 [EditorId] 2265461826 [Version] 1048832 [Id] WindowsEditor(7,DESKTOP-PDS71R0) [Debug] 1 [PackageName] WindowsEditor [ProjectName] Editor" joined alternative multi-casting on [225.0.0.222:34997]...

[Physics::Module] Initialized MultithreadedJobDispatcher with {0} workers.
Refreshing native plugins compatible for Editor in 42.46 ms, found 3 plugins.
Preloading 0 native plugins for Editor in 0.00 ms.
Initialize engine version: 2021.3.45f2 (88f88f591b2e)
[Subsystems] Discovering subsystems at path C:/Program Files/Unity/Hub/Editor/2021.3.45f2/Editor/Data/Resources/UnitySubsystems
[Subsystems] Discovering subsystems at path D:/Git/22559046_Shooting/Assets
GfxDevice: creating device client; threaded=0; jobified=0
Direct3D:
    Version:  Direct3D 11.0 [level 11.1]
    Renderer: NVIDIA GeForce RTX 4060 (ID=0x2882)
    Vendor:   NVIDIA
    VRAM:     7957 MB
    Driver:   32.0.15.7270
Initialize mono
Mono path[0] = 'C:/Program Files/Unity/Hub/Editor/2021.3.45f2/Editor/Data/Managed'
Mono path[1] = 'C:/Program Files/Unity/Hub/Editor/2021.3.45f2/Editor/Data/MonoBleedingEdge/lib/mono/unityjit-win32'
Mono config path = 'C:/Program Files/Unity/Hub/Editor/2021.3.45f2/Editor/Data/MonoBleedingEdge/etc'
Using monoOptions --debugger-agent=transport=dt_socket,embedding=1,server=y,suspend=n,address=127.0.0.1:56588
Begin MonoManager ReloadAssembly
Registering precompiled unity dll's ...
Register platform support module: C:/Program Files/Unity/Hub/Editor/2021.3.45f2/Editor/Data/PlaybackEngines/WindowsStandaloneSupport/UnityEditor.WindowsStandalone.Extensions.dll
Registered in 0.012560 seconds.
Native extension for WindowsStandalone target not found
Refreshing native plugins compatible for Editor in 37.67 ms, found 3 plugins.
Preloading 0 native plugins for Editor in 0.00 ms.
Mono: successfully reloaded assembly
- Completed reload, in  1.040 seconds
Domain Reload Profiling:
	ReloadAssembly (1041ms)
		BeginReloadAssembly (107ms)
			ExecutionOrderSort (0ms)
			DisableScriptedObjects (0ms)
			BackupInstance (0ms)
			ReleaseScriptingObjects (0ms)
			CreateAndSetChildDomain (1ms)
		EndReloadAssembly (655ms)
			LoadAssemblies (104ms)
			RebuildTransferFunctionScriptingTraits (0ms)
			SetupTypeCache (370ms)
			ReleaseScriptCaches (0ms)
			RebuildScriptCaches (22ms)
			SetupLoadedEditorAssemblies (221ms)
				LogAssemblyErrors (0ms)
				InitializePlatformSupportModulesInManaged (8ms)
				SetLoadedEditorAssemblies (0ms)
				RefreshPlugins (38ms)
				BeforeProcessingInitializeOnLoad (1ms)
				ProcessInitializeOnLoadAttributes (120ms)
				ProcessInitializeOnLoadMethodAttributes (54ms)
				AfterProcessingInitializeOnLoad (0ms)
				EditorAssembliesLoaded (0ms)
			ExecutionOrderSort2 (0ms)
			AwakeInstancesAfterBackupRestoration (0ms)
Platform modules already initialized, skipping
Registering precompiled user dll's ...
Registered in 0.004305 seconds.
Begin MonoManager ReloadAssembly
Native extension for WindowsStandalone target not found
Refreshing native plugins compatible for Editor in 0.50 ms, found 3 plugins.
Preloading 0 native plugins for Editor in 0.00 ms.
Package Manager log level set to [2]
[Package Manager] Server::EnsureServerProcessIsRunning -- launch failed, reason: Unity was launched with the -noUpm command-line argument
[Package Manager] Cannot connect to Unity Package Manager local server
Mono: successfully reloaded assembly
- Completed reload, in  2.098 seconds
Domain Reload Profiling:
	ReloadAssembly (2099ms)
		BeginReloadAssembly (250ms)
			ExecutionOrderSort (0ms)
			DisableScriptedObjects (7ms)
			BackupInstance (0ms)
			ReleaseScriptingObjects (0ms)
			CreateAndSetChildDomain (18ms)
		EndReloadAssembly (1670ms)
			LoadAssemblies (235ms)
			RebuildTransferFunctionScriptingTraits (0ms)
			SetupTypeCache (478ms)
			ReleaseScriptCaches (0ms)
			RebuildScriptCaches (58ms)
			SetupLoadedEditorAssemblies (954ms)
				LogAssemblyErrors (0ms)
				InitializePlatformSupportModulesInManaged (13ms)
				SetLoadedEditorAssemblies (3ms)
				RefreshPlugins (1ms)
				BeforeProcessingInitializeOnLoad (115ms)
				ProcessInitializeOnLoadAttributes (753ms)
				ProcessInitializeOnLoadMethodAttributes (33ms)
				AfterProcessingInitializeOnLoad (37ms)
				EditorAssembliesLoaded (0ms)
			ExecutionOrderSort2 (0ms)
			AwakeInstancesAfterBackupRestoration (16ms)
Platform modules already initialized, skipping
========================================================================
Worker process is ready to serve import requests
Launched and connected shader compiler UnityShaderCompiler.exe after 0.09 seconds
Refreshing native plugins compatible for Editor in 0.55 ms, found 3 plugins.
Preloading 0 native plugins for Editor in 0.00 ms.
Unloading 3172 Unused Serialized files (Serialized files now loaded: 0)
Unloading 24 unused Assets / (46.9 KB). Loaded Objects now: 3637.
Memory consumption went from 112.2 MB to 112.2 MB.
Total: 3.339400 ms (FindLiveObjects: 0.400100 ms CreateObjectMapping: 0.129900 ms MarkObjects: 2.715400 ms  DeleteObjects: 0.093200 ms)

AssetImportParameters requested are different than current active one (requested -> active):
  custom:video-decoder-ogg-theora: a1e56fd34408186e4bbccfd4996cb3dc -> 
  custom:container-muxer-webm: aa71ff27fc2769a1b78a27578f13a17b -> 
  custom:container-demuxer-webm: 4f35f7cbe854078d1ac9338744f61a02 -> 
  custom:video-encoder-webm-vp8: eb34c28f22e8b96e1ab97ce403110664 -> 
  custom:video-codec-MediaFoundation-h265: 746d11721c4dcdbdad8f713fa42b33f4 -> 
  custom:CustomObjectIndexerAttribute: bc11b3a6c3213fcdd17b65e7da85e133 -> 
  custom:audio-encoder-webm-vorbis: bf7c407c2cedff20999df2af8eb42d56 -> 
  custom:framework-win-MediaFoundation: 216162199b28c13a410421893ffa2e32 -> 
  custom:SearchIndexIgnoredProperties: e643bd26f0fe6173181afceb89e7c659 -> 
  custom:container-demuxer-ogg: 62fdf1f143b41e24485cea50d1cbac27 -> 
  custom:video-decoder-webm-vp8: 9c59270c3fd7afecdb556c50c9e8de78 -> 
  custom:audio-decoder-ogg-vorbis: bf7c407c2cedff20999df2af8eb42d56 -> 
========================================================================
Received Import Request.
  Time since last request: 9611.860001 seconds.
  path: Assets/Scripts/CutLineWall.cs
  artifactKey: Guid(42d22259887e6f242bc8f2f430dd6cd3) Importer(815301076,1909f56bfc062723c751e8b465ee728b)
Number of updated assets reloaded before import = 0
Start importing Assets/Scripts/CutLineWall.cs using Guid(42d22259887e6f242bc8f2f430dd6cd3) Importer(815301076,1909f56bfc062723c751e8b465ee728b)  -> (artifact id: '378b351b487a114de2f073d79198c841') in 0.040755 seconds 
Number of asset objects unloaded after import = 0
========================================================================
Received Prepare
Registering precompiled user dll's ...
Registered in 0.006541 seconds.
Begin MonoManager ReloadAssembly
Native extension for WindowsStandalone target not found
Refreshing native plugins compatible for Editor in 0.38 ms, found 3 plugins.
Preloading 0 native plugins for Editor in 0.00 ms.
[Package Manager] Server::EnsureServerProcessIsRunning -- launch failed, reason: Unity was launched with the -noUpm command-line argument
[Package Manager] Cannot connect to Unity Package Manager local server
Mono: successfully reloaded assembly
- Completed reload, in  1.245 seconds
Domain Reload Profiling:
	ReloadAssembly (1246ms)
		BeginReloadAssembly (168ms)
			ExecutionOrderSort (0ms)
			DisableScriptedObjects (3ms)
			BackupInstance (0ms)
			ReleaseScriptingObjects (0ms)
			CreateAndSetChildDomain (28ms)
		EndReloadAssembly (967ms)
			LoadAssemblies (133ms)
			RebuildTransferFunctionScriptingTraits (0ms)
			SetupTypeCache (208ms)
			ReleaseScriptCaches (1ms)
			RebuildScriptCaches (29ms)
			SetupLoadedEditorAssemblies (611ms)
				LogAssemblyErrors (0ms)
				InitializePlatformSupportModulesInManaged (6ms)
				SetLoadedEditorAssemblies (0ms)
				RefreshPlugins (0ms)
				BeforeProcessingInitializeOnLoad (42ms)
				ProcessInitializeOnLoadAttributes (536ms)
				ProcessInitializeOnLoadMethodAttributes (15ms)
				AfterProcessingInitializeOnLoad (11ms)
				EditorAssembliesLoaded (0ms)
			ExecutionOrderSort2 (0ms)
			AwakeInstancesAfterBackupRestoration (9ms)
Platform modules already initialized, skipping
Refreshing native plugins compatible for Editor in 0.57 ms, found 3 plugins.
Preloading 0 native plugins for Editor in 0.00 ms.
Unloading 3152 Unused Serialized files (Serialized files now loaded: 0)
Unloading 19 unused Assets / (21.9 KB). Loaded Objects now: 3640.
Memory consumption went from 110.7 MB to 110.7 MB.
Total: 2.898500 ms (FindLiveObjects: 0.218100 ms CreateObjectMapping: 0.185400 ms MarkObjects: 2.468100 ms  DeleteObjects: 0.025400 ms)

AssetImportParameters requested are different than current active one (requested -> active):
  custom:video-decoder-ogg-theora: a1e56fd34408186e4bbccfd4996cb3dc -> 
  custom:container-muxer-webm: aa71ff27fc2769a1b78a27578f13a17b -> 
  custom:container-demuxer-webm: 4f35f7cbe854078d1ac9338744f61a02 -> 
  custom:video-encoder-webm-vp8: eb34c28f22e8b96e1ab97ce403110664 -> 
  custom:video-codec-MediaFoundation-h265: 746d11721c4dcdbdad8f713fa42b33f4 -> 
  custom:CustomObjectIndexerAttribute: bc11b3a6c3213fcdd17b65e7da85e133 -> 
  custom:audio-encoder-webm-vorbis: bf7c407c2cedff20999df2af8eb42d56 -> 
  custom:framework-win-MediaFoundation: 216162199b28c13a410421893ffa2e32 -> 
  custom:SearchIndexIgnoredProperties: e643bd26f0fe6173181afceb89e7c659 -> 
  custom:container-demuxer-ogg: 62fdf1f143b41e24485cea50d1cbac27 -> 
  custom:video-decoder-webm-vp8: 9c59270c3fd7afecdb556c50c9e8de78 -> 
  custom:audio-decoder-ogg-vorbis: bf7c407c2cedff20999df2af8eb42d56 -> 
========================================================================
Received Prepare
Registering precompiled user dll's ...
Registered in 0.003720 seconds.
Begin MonoManager ReloadAssembly
Native extension for WindowsStandalone target not found
Refreshing native plugins compatible for Editor in 0.33 ms, found 3 plugins.
Preloading 0 native plugins for Editor in 0.00 ms.
[Package Manager] Server::EnsureServerProcessIsRunning -- launch failed, reason: Unity was launched with the -noUpm command-line argument
[Package Manager] Cannot connect to Unity Package Manager local server
Mono: successfully reloaded assembly
- Completed reload, in  1.168 seconds
Domain Reload Profiling:
	ReloadAssembly (1168ms)
		BeginReloadAssembly (157ms)
			ExecutionOrderSort (0ms)
			DisableScriptedObjects (3ms)
			BackupInstance (0ms)
			ReleaseScriptingObjects (0ms)
			CreateAndSetChildDomain (27ms)
		EndReloadAssembly (926ms)
			LoadAssemblies (118ms)
			RebuildTransferFunctionScriptingTraits (0ms)
			SetupTypeCache (204ms)
			ReleaseScriptCaches (1ms)
			RebuildScriptCaches (26ms)
			SetupLoadedEditorAssemblies (603ms)
				LogAssemblyErrors (0ms)
				InitializePlatformSupportModulesInManaged (6ms)
				SetLoadedEditorAssemblies (0ms)
				RefreshPlugins (0ms)
				BeforeProcessingInitializeOnLoad (37ms)
				ProcessInitializeOnLoadAttributes (531ms)
				ProcessInitializeOnLoadMethodAttributes (15ms)
				AfterProcessingInitializeOnLoad (13ms)
				EditorAssembliesLoaded (0ms)
			ExecutionOrderSort2 (0ms)
			AwakeInstancesAfterBackupRestoration (10ms)
Platform modules already initialized, skipping
Refreshing native plugins compatible for Editor in 0.57 ms, found 3 plugins.
Preloading 0 native plugins for Editor in 0.00 ms.
Unloading 3152 Unused Serialized files (Serialized files now loaded: 0)
Unloading 19 unused Assets / (22.0 KB). Loaded Objects now: 3643.
Memory consumption went from 110.7 MB to 110.7 MB.
Total: 2.883300 ms (FindLiveObjects: 0.208200 ms CreateObjectMapping: 0.121700 ms MarkObjects: 2.525900 ms  DeleteObjects: 0.026000 ms)

AssetImportParameters requested are different than current active one (requested -> active):
  custom:video-decoder-ogg-theora: a1e56fd34408186e4bbccfd4996cb3dc -> 
  custom:container-muxer-webm: aa71ff27fc2769a1b78a27578f13a17b -> 
  custom:container-demuxer-webm: 4f35f7cbe854078d1ac9338744f61a02 -> 
  custom:video-encoder-webm-vp8: eb34c28f22e8b96e1ab97ce403110664 -> 
  custom:video-codec-MediaFoundation-h265: 746d11721c4dcdbdad8f713fa42b33f4 -> 
  custom:CustomObjectIndexerAttribute: bc11b3a6c3213fcdd17b65e7da85e133 -> 
  custom:audio-encoder-webm-vorbis: bf7c407c2cedff20999df2af8eb42d56 -> 
  custom:framework-win-MediaFoundation: 216162199b28c13a410421893ffa2e32 -> 
  custom:SearchIndexIgnoredProperties: e643bd26f0fe6173181afceb89e7c659 -> 
  custom:container-demuxer-ogg: 62fdf1f143b41e24485cea50d1cbac27 -> 
  custom:video-decoder-webm-vp8: 9c59270c3fd7afecdb556c50c9e8de78 -> 
  custom:audio-decoder-ogg-vorbis: bf7c407c2cedff20999df2af8eb42d56 -> 
========================================================================
Received Import Request.
  Time since last request: 76.387593 seconds.
  path: Assets/Scripts/ScoreManager.cs
  artifactKey: Guid(d198b50ebcab837468952db5f5cabf35) Importer(815301076,1909f56bfc062723c751e8b465ee728b)
Number of updated assets reloaded before import = 0
Start importing Assets/Scripts/ScoreManager.cs using Guid(d198b50ebcab837468952db5f5cabf35) Importer(815301076,1909f56bfc062723c751e8b465ee728b)  -> (artifact id: '08f2c914c3927e364929aa1b16083760') in 0.014328 seconds 
Number of asset objects unloaded after import = 0
========================================================================
Received Prepare
Registering precompiled user dll's ...
Registered in 0.007454 seconds.
Begin MonoManager ReloadAssembly
Native extension for WindowsStandalone target not found
Refreshing native plugins compatible for Editor in 0.57 ms, found 3 plugins.
Preloading 0 native plugins for Editor in 0.00 ms.
[Package Manager] Server::EnsureServerProcessIsRunning -- launch failed, reason: Unity was launched with the -noUpm command-line argument
[Package Manager] Cannot connect to Unity Package Manager local server
Mono: successfully reloaded assembly
- Completed reload, in  1.758 seconds
Domain Reload Profiling:
	ReloadAssembly (1759ms)
		BeginReloadAssembly (229ms)
			ExecutionOrderSort (0ms)
			DisableScriptedObjects (5ms)
			BackupInstance (0ms)
			ReleaseScriptingObjects (0ms)
			CreateAndSetChildDomain (38ms)
		EndReloadAssembly (1398ms)
			LoadAssemblies (185ms)
			RebuildTransferFunctionScriptingTraits (0ms)
			SetupTypeCache (282ms)
			ReleaseScriptCaches (1ms)
			RebuildScriptCaches (46ms)
			SetupLoadedEditorAssemblies (911ms)
				LogAssemblyErrors (0ms)
				InitializePlatformSupportModulesInManaged (10ms)
				SetLoadedEditorAssemblies (1ms)
				RefreshPlugins (1ms)
				BeforeProcessingInitializeOnLoad (173ms)
				ProcessInitializeOnLoadAttributes (685ms)
				ProcessInitializeOnLoadMethodAttributes (22ms)
				AfterProcessingInitializeOnLoad (20ms)
				EditorAssembliesLoaded (0ms)
			ExecutionOrderSort2 (0ms)
			AwakeInstancesAfterBackupRestoration (15ms)
Platform modules already initialized, skipping
Refreshing native plugins compatible for Editor in 0.58 ms, found 3 plugins.
Preloading 0 native plugins for Editor in 0.00 ms.
Unloading 3152 Unused Serialized files (Serialized files now loaded: 0)
Unloading 19 unused Assets / (21.9 KB). Loaded Objects now: 3646.
Memory consumption went from 110.7 MB to 110.7 MB.
Total: 3.527300 ms (FindLiveObjects: 0.402800 ms CreateObjectMapping: 0.113600 ms MarkObjects: 2.984800 ms  DeleteObjects: 0.025000 ms)

AssetImportParameters requested are different than current active one (requested -> active):
  custom:video-decoder-ogg-theora: a1e56fd34408186e4bbccfd4996cb3dc -> 
  custom:container-muxer-webm: aa71ff27fc2769a1b78a27578f13a17b -> 
  custom:container-demuxer-webm: 4f35f7cbe854078d1ac9338744f61a02 -> 
  custom:video-encoder-webm-vp8: eb34c28f22e8b96e1ab97ce403110664 -> 
  custom:video-codec-MediaFoundation-h265: 746d11721c4dcdbdad8f713fa42b33f4 -> 
  custom:CustomObjectIndexerAttribute: bc11b3a6c3213fcdd17b65e7da85e133 -> 
  custom:audio-encoder-webm-vorbis: bf7c407c2cedff20999df2af8eb42d56 -> 
  custom:framework-win-MediaFoundation: 216162199b28c13a410421893ffa2e32 -> 
  custom:SearchIndexIgnoredProperties: e643bd26f0fe6173181afceb89e7c659 -> 
  custom:container-demuxer-ogg: 62fdf1f143b41e24485cea50d1cbac27 -> 
  custom:video-decoder-webm-vp8: 9c59270c3fd7afecdb556c50c9e8de78 -> 
  custom:audio-decoder-ogg-vorbis: bf7c407c2cedff20999df2af8eb42d56 -> 
========================================================================
Received Prepare
Registering precompiled user dll's ...
Registered in 0.004108 seconds.
Begin MonoManager ReloadAssembly
Native extension for WindowsStandalone target not found
Refreshing native plugins compatible for Editor in 0.35 ms, found 3 plugins.
Preloading 0 native plugins for Editor in 0.00 ms.
[Package Manager] Server::EnsureServerProcessIsRunning -- launch failed, reason: Unity was launched with the -noUpm command-line argument
[Package Manager] Cannot connect to Unity Package Manager local server
Mono: successfully reloaded assembly
- Completed reload, in  1.166 seconds
Domain Reload Profiling:
	ReloadAssembly (1167ms)
		BeginReloadAssembly (136ms)
			ExecutionOrderSort (0ms)
			DisableScriptedObjects (3ms)
			BackupInstance (0ms)
			ReleaseScriptingObjects (0ms)
			CreateAndSetChildDomain (24ms)
		EndReloadAssembly (949ms)
			LoadAssemblies (101ms)
			RebuildTransferFunctionScriptingTraits (0ms)
			SetupTypeCache (198ms)
			ReleaseScriptCaches (1ms)
			RebuildScriptCaches (46ms)
			SetupLoadedEditorAssemblies (607ms)
				LogAssemblyErrors (0ms)
				InitializePlatformSupportModulesInManaged (5ms)
				SetLoadedEditorAssemblies (0ms)
				RefreshPlugins (0ms)
				BeforeProcessingInitializeOnLoad (37ms)
				ProcessInitializeOnLoadAttributes (541ms)
				ProcessInitializeOnLoadMethodAttributes (13ms)
				AfterProcessingInitializeOnLoad (9ms)
				EditorAssembliesLoaded (0ms)
			ExecutionOrderSort2 (0ms)
			AwakeInstancesAfterBackupRestoration (8ms)
Platform modules already initialized, skipping
Refreshing native plugins compatible for Editor in 0.59 ms, found 3 plugins.
Preloading 0 native plugins for Editor in 0.00 ms.
Unloading 3152 Unused Serialized files (Serialized files now loaded: 0)
Unloading 19 unused Assets / (21.9 KB). Loaded Objects now: 3649.
Memory consumption went from 110.8 MB to 110.7 MB.
Total: 2.879900 ms (FindLiveObjects: 0.201600 ms CreateObjectMapping: 0.118500 ms MarkObjects: 2.521500 ms  DeleteObjects: 0.037100 ms)

AssetImportParameters requested are different than current active one (requested -> active):
  custom:video-decoder-ogg-theora: a1e56fd34408186e4bbccfd4996cb3dc -> 
  custom:container-muxer-webm: aa71ff27fc2769a1b78a27578f13a17b -> 
  custom:container-demuxer-webm: 4f35f7cbe854078d1ac9338744f61a02 -> 
  custom:video-encoder-webm-vp8: eb34c28f22e8b96e1ab97ce403110664 -> 
  custom:video-codec-MediaFoundation-h265: 746d11721c4dcdbdad8f713fa42b33f4 -> 
  custom:CustomObjectIndexerAttribute: bc11b3a6c3213fcdd17b65e7da85e133 -> 
  custom:audio-encoder-webm-vorbis: bf7c407c2cedff20999df2af8eb42d56 -> 
  custom:framework-win-MediaFoundation: 216162199b28c13a410421893ffa2e32 -> 
  custom:SearchIndexIgnoredProperties: e643bd26f0fe6173181afceb89e7c659 -> 
  custom:container-demuxer-ogg: 62fdf1f143b41e24485cea50d1cbac27 -> 
  custom:video-decoder-webm-vp8: 9c59270c3fd7afecdb556c50c9e8de78 -> 
  custom:audio-decoder-ogg-vorbis: bf7c407c2cedff20999df2af8eb42d56 -> 
========================================================================
Received Prepare
Registering precompiled user dll's ...
Registered in 0.003908 seconds.
Begin MonoManager ReloadAssembly
Native extension for WindowsStandalone target not found
Refreshing native plugins compatible for Editor in 0.35 ms, found 3 plugins.
Preloading 0 native plugins for Editor in 0.00 ms.
[Package Manager] Server::EnsureServerProcessIsRunning -- launch failed, reason: Unity was launched with the -noUpm command-line argument
[Package Manager] Cannot connect to Unity Package Manager local server
Mono: successfully reloaded assembly
- Completed reload, in  1.180 seconds
Domain Reload Profiling:
	ReloadAssembly (1180ms)
		BeginReloadAssembly (139ms)
			ExecutionOrderSort (0ms)
			DisableScriptedObjects (3ms)
			BackupInstance (0ms)
			ReleaseScriptingObjects (0ms)
			CreateAndSetChildDomain (25ms)
		EndReloadAssembly (956ms)
			LoadAssemblies (105ms)
			RebuildTransferFunctionScriptingTraits (0ms)
			SetupTypeCache (227ms)
			ReleaseScriptCaches (1ms)
			RebuildScriptCaches (26ms)
			SetupLoadedEditorAssemblies (614ms)
				LogAssemblyErrors (0ms)
				InitializePlatformSupportModulesInManaged (5ms)
				SetLoadedEditorAssemblies (0ms)
				RefreshPlugins (0ms)
				BeforeProcessingInitializeOnLoad (41ms)
				ProcessInitializeOnLoadAttributes (541ms)
				ProcessInitializeOnLoadMethodAttributes (15ms)
				AfterProcessingInitializeOnLoad (10ms)
				EditorAssembliesLoaded (0ms)
			ExecutionOrderSort2 (0ms)
			AwakeInstancesAfterBackupRestoration (10ms)
Platform modules already initialized, skipping
Refreshing native plugins compatible for Editor in 0.56 ms, found 3 plugins.
Preloading 0 native plugins for Editor in 0.00 ms.
Unloading 3152 Unused Serialized files (Serialized files now loaded: 0)
Unloading 19 unused Assets / (21.9 KB). Loaded Objects now: 3652.
Memory consumption went from 110.8 MB to 110.7 MB.
Total: 3.022700 ms (FindLiveObjects: 0.256900 ms CreateObjectMapping: 0.225100 ms MarkObjects: 2.508200 ms  DeleteObjects: 0.030900 ms)

AssetImportParameters requested are different than current active one (requested -> active):
  custom:video-decoder-ogg-theora: a1e56fd34408186e4bbccfd4996cb3dc -> 
  custom:container-muxer-webm: aa71ff27fc2769a1b78a27578f13a17b -> 
  custom:container-demuxer-webm: 4f35f7cbe854078d1ac9338744f61a02 -> 
  custom:video-encoder-webm-vp8: eb34c28f22e8b96e1ab97ce403110664 -> 
  custom:video-codec-MediaFoundation-h265: 746d11721c4dcdbdad8f713fa42b33f4 -> 
  custom:CustomObjectIndexerAttribute: bc11b3a6c3213fcdd17b65e7da85e133 -> 
  custom:audio-encoder-webm-vorbis: bf7c407c2cedff20999df2af8eb42d56 -> 
  custom:framework-win-MediaFoundation: 216162199b28c13a410421893ffa2e32 -> 
  custom:SearchIndexIgnoredProperties: e643bd26f0fe6173181afceb89e7c659 -> 
  custom:container-demuxer-ogg: 62fdf1f143b41e24485cea50d1cbac27 -> 
  custom:video-decoder-webm-vp8: 9c59270c3fd7afecdb556c50c9e8de78 -> 
  custom:audio-decoder-ogg-vorbis: bf7c407c2cedff20999df2af8eb42d56 -> 
========================================================================
Received Prepare
Registering precompiled user dll's ...
Registered in 0.004080 seconds.
Begin MonoManager ReloadAssembly
Native extension for WindowsStandalone target not found
Refreshing native plugins compatible for Editor in 0.62 ms, found 3 plugins.
Preloading 0 native plugins for Editor in 0.00 ms.
[Package Manager] Server::EnsureServerProcessIsRunning -- launch failed, reason: Unity was launched with the -noUpm command-line argument
[Package Manager] Cannot connect to Unity Package Manager local server
Mono: successfully reloaded assembly
- Completed reload, in  1.194 seconds
Domain Reload Profiling:
	ReloadAssembly (1194ms)
		BeginReloadAssembly (141ms)
			ExecutionOrderSort (0ms)
			DisableScriptedObjects (3ms)
			BackupInstance (0ms)
			ReleaseScriptingObjects (0ms)
			CreateAndSetChildDomain (26ms)
		EndReloadAssembly (969ms)
			LoadAssemblies (105ms)
			RebuildTransferFunctionScriptingTraits (0ms)
			SetupTypeCache (203ms)
			ReleaseScriptCaches (1ms)
			RebuildScriptCaches (48ms)
			SetupLoadedEditorAssemblies (626ms)
				LogAssemblyErrors (0ms)
				InitializePlatformSupportModulesInManaged (6ms)
				SetLoadedEditorAssemblies (0ms)
				RefreshPlugins (1ms)
				BeforeProcessingInitializeOnLoad (40ms)
				ProcessInitializeOnLoadAttributes (555ms)
				ProcessInitializeOnLoadMethodAttributes (15ms)
				AfterProcessingInitializeOnLoad (10ms)
				EditorAssembliesLoaded (0ms)
			ExecutionOrderSort2 (0ms)
			AwakeInstancesAfterBackupRestoration (8ms)
Platform modules already initialized, skipping
Refreshing native plugins compatible for Editor in 0.59 ms, found 3 plugins.
Preloading 0 native plugins for Editor in 0.00 ms.
Unloading 3152 Unused Serialized files (Serialized files now loaded: 0)
Unloading 19 unused Assets / (22.0 KB). Loaded Objects now: 3655.
Memory consumption went from 110.8 MB to 110.8 MB.
Total: 2.921500 ms (FindLiveObjects: 0.219700 ms CreateObjectMapping: 0.136400 ms MarkObjects: 2.529900 ms  DeleteObjects: 0.034400 ms)

AssetImportParameters requested are different than current active one (requested -> active):
  custom:video-decoder-ogg-theora: a1e56fd34408186e4bbccfd4996cb3dc -> 
  custom:container-muxer-webm: aa71ff27fc2769a1b78a27578f13a17b -> 
  custom:container-demuxer-webm: 4f35f7cbe854078d1ac9338744f61a02 -> 
  custom:video-encoder-webm-vp8: eb34c28f22e8b96e1ab97ce403110664 -> 
  custom:video-codec-MediaFoundation-h265: 746d11721c4dcdbdad8f713fa42b33f4 -> 
  custom:CustomObjectIndexerAttribute: bc11b3a6c3213fcdd17b65e7da85e133 -> 
  custom:audio-encoder-webm-vorbis: bf7c407c2cedff20999df2af8eb42d56 -> 
  custom:framework-win-MediaFoundation: 216162199b28c13a410421893ffa2e32 -> 
  custom:SearchIndexIgnoredProperties: e643bd26f0fe6173181afceb89e7c659 -> 
  custom:container-demuxer-ogg: 62fdf1f143b41e24485cea50d1cbac27 -> 
  custom:video-decoder-webm-vp8: 9c59270c3fd7afecdb556c50c9e8de78 -> 
  custom:audio-decoder-ogg-vorbis: bf7c407c2cedff20999df2af8eb42d56 -> 
========================================================================
Received Prepare
Registering precompiled user dll's ...
Registered in 0.004779 seconds.
Begin MonoManager ReloadAssembly
Native extension for WindowsStandalone target not found
Refreshing native plugins compatible for Editor in 0.40 ms, found 3 plugins.
Preloading 0 native plugins for Editor in 0.00 ms.
[Package Manager] Server::EnsureServerProcessIsRunning -- launch failed, reason: Unity was launched with the -noUpm command-line argument
[Package Manager] Cannot connect to Unity Package Manager local server
Mono: successfully reloaded assembly
- Completed reload, in  1.186 seconds
Domain Reload Profiling:
	ReloadAssembly (1186ms)
		BeginReloadAssembly (131ms)
			ExecutionOrderSort (0ms)
			DisableScriptedObjects (3ms)
			BackupInstance (0ms)
			ReleaseScriptingObjects (0ms)
			CreateAndSetChildDomain (21ms)
		EndReloadAssembly (977ms)
			LoadAssemblies (99ms)
			RebuildTransferFunctionScriptingTraits (0ms)
			SetupTypeCache (192ms)
			ReleaseScriptCaches (1ms)
			RebuildScriptCaches (28ms)
			SetupLoadedEditorAssemblies (657ms)
				LogAssemblyErrors (0ms)
				InitializePlatformSupportModulesInManaged (6ms)
				SetLoadedEditorAssemblies (0ms)
				RefreshPlugins (0ms)
				BeforeProcessingInitializeOnLoad (41ms)
				ProcessInitializeOnLoadAttributes (580ms)
				ProcessInitializeOnLoadMethodAttributes (17ms)
				AfterProcessingInitializeOnLoad (12ms)
				EditorAssembliesLoaded (0ms)
			ExecutionOrderSort2 (0ms)
			AwakeInstancesAfterBackupRestoration (10ms)
Platform modules already initialized, skipping
Refreshing native plugins compatible for Editor in 0.60 ms, found 3 plugins.
Preloading 0 native plugins for Editor in 0.00 ms.
Unloading 3152 Unused Serialized files (Serialized files now loaded: 0)
Unloading 19 unused Assets / (21.9 KB). Loaded Objects now: 3658.
Memory consumption went from 110.8 MB to 110.8 MB.
Total: 3.046600 ms (FindLiveObjects: 0.227500 ms CreateObjectMapping: 0.138700 ms MarkObjects: 2.634400 ms  DeleteObjects: 0.043400 ms)

AssetImportParameters requested are different than current active one (requested -> active):
  custom:video-decoder-ogg-theora: a1e56fd34408186e4bbccfd4996cb3dc -> 
  custom:container-muxer-webm: aa71ff27fc2769a1b78a27578f13a17b -> 
  custom:container-demuxer-webm: 4f35f7cbe854078d1ac9338744f61a02 -> 
  custom:video-encoder-webm-vp8: eb34c28f22e8b96e1ab97ce403110664 -> 
  custom:video-codec-MediaFoundation-h265: 746d11721c4dcdbdad8f713fa42b33f4 -> 
  custom:CustomObjectIndexerAttribute: bc11b3a6c3213fcdd17b65e7da85e133 -> 
  custom:audio-encoder-webm-vorbis: bf7c407c2cedff20999df2af8eb42d56 -> 
  custom:framework-win-MediaFoundation: 216162199b28c13a410421893ffa2e32 -> 
  custom:SearchIndexIgnoredProperties: e643bd26f0fe6173181afceb89e7c659 -> 
  custom:container-demuxer-ogg: 62fdf1f143b41e24485cea50d1cbac27 -> 
  custom:video-decoder-webm-vp8: 9c59270c3fd7afecdb556c50c9e8de78 -> 
  custom:audio-decoder-ogg-vorbis: bf7c407c2cedff20999df2af8eb42d56 -> 
========================================================================
Received Import Request.
  Time since last request: 1205.067670 seconds.
  path: Assets/Animations/Monster.controller
  artifactKey: Guid(3316cccfaa0e4554d9e7a8aa7147f74b) Importer(815301076,1909f56bfc062723c751e8b465ee728b)
Number of updated assets reloaded before import = 0
Start importing Assets/Animations/Monster.controller using Guid(3316cccfaa0e4554d9e7a8aa7147f74b) Importer(815301076,1909f56bfc062723c751e8b465ee728b)  -> (artifact id: '2b06317571294a1902d13db1c001101d') in 0.036468 seconds 
Number of asset objects unloaded after import = 4
========================================================================
Received Import Request.
  Time since last request: 22.290828 seconds.
  path: Assets/Animations/Monster.controller
  artifactKey: Guid(3316cccfaa0e4554d9e7a8aa7147f74b) Importer(815301076,1909f56bfc062723c751e8b465ee728b)
Number of updated assets reloaded before import = 0
Start importing Assets/Animations/Monster.controller using Guid(3316cccfaa0e4554d9e7a8aa7147f74b) Importer(815301076,1909f56bfc062723c751e8b465ee728b)  -> (artifact id: '0250f003b06e6b622c1ed1c9d4b85f02') in 0.018109 seconds 
Number of asset objects unloaded after import = 8
========================================================================
Received Import Request.
  Time since last request: 47.761822 seconds.
  path: Assets/Prefabs/Monster.prefab
  artifactKey: Guid(c26657f44b145644cbb81fc9eed5e0f8) Importer(815301076,1909f56bfc062723c751e8b465ee728b)
Number of updated assets reloaded before import = 0
Start importing Assets/Prefabs/Monster.prefab using Guid(c26657f44b145644cbb81fc9eed5e0f8) Importer(815301076,1909f56bfc062723c751e8b465ee728b)  -> (artifact id: '32f3eced330b91696392556ea537f0a6') in 0.120583 seconds 
Number of asset objects unloaded after import = 125
========================================================================
Received Import Request.
  Time since last request: 0.241062 seconds.
  path: Assets/Prefabs/Character.prefab
  artifactKey: Guid(ee5cea43870f90c47b2e5ed2c1a3e1e5) Importer(815301076,1909f56bfc062723c751e8b465ee728b)
Number of updated assets reloaded before import = 0
Start importing Assets/Prefabs/Character.prefab using Guid(ee5cea43870f90c47b2e5ed2c1a3e1e5) Importer(815301076,1909f56bfc062723c751e8b465ee728b)  -> (artifact id: '3ebd01b14396ab406de2dc9c2f4ab77e') in 0.103915 seconds 
Number of asset objects unloaded after import = 163
========================================================================
Received Prepare
Registering precompiled user dll's ...
Registered in 0.003498 seconds.
Begin MonoManager ReloadAssembly
Native extension for WindowsStandalone target not found
Refreshing native plugins compatible for Editor in 0.40 ms, found 3 plugins.
Preloading 0 native plugins for Editor in 0.00 ms.
[Package Manager] Server::EnsureServerProcessIsRunning -- launch failed, reason: Unity was launched with the -noUpm command-line argument
[Package Manager] Cannot connect to Unity Package Manager local server
Mono: successfully reloaded assembly
- Completed reload, in  1.193 seconds
Domain Reload Profiling:
	ReloadAssembly (1194ms)
		BeginReloadAssembly (134ms)
			ExecutionOrderSort (0ms)
			DisableScriptedObjects (3ms)
			BackupInstance (0ms)
			ReleaseScriptingObjects (0ms)
			CreateAndSetChildDomain (25ms)
		EndReloadAssembly (983ms)
			LoadAssemblies (100ms)
			RebuildTransferFunctionScriptingTraits (0ms)
			SetupTypeCache (199ms)
			ReleaseScriptCaches (1ms)
			RebuildScriptCaches (29ms)
			SetupLoadedEditorAssemblies (654ms)
				LogAssemblyErrors (0ms)
				InitializePlatformSupportModulesInManaged (6ms)
				SetLoadedEditorAssemblies (0ms)
				RefreshPlugins (0ms)
				BeforeProcessingInitializeOnLoad (44ms)
				ProcessInitializeOnLoadAttributes (574ms)
				ProcessInitializeOnLoadMethodAttributes (18ms)
				AfterProcessingInitializeOnLoad (12ms)
				EditorAssembliesLoaded (0ms)
			ExecutionOrderSort2 (0ms)
			AwakeInstancesAfterBackupRestoration (10ms)
Platform modules already initialized, skipping
Refreshing native plugins compatible for Editor in 0.57 ms, found 3 plugins.
Preloading 0 native plugins for Editor in 0.00 ms.
Unloading 3152 Unused Serialized files (Serialized files now loaded: 0)
Unloading 21 unused Assets / (22.9 KB). Loaded Objects now: 3670.
Memory consumption went from 127.9 MB to 127.8 MB.
Total: 3.613700 ms (FindLiveObjects: 0.253300 ms CreateObjectMapping: 0.169200 ms MarkObjects: 3.119600 ms  DeleteObjects: 0.069800 ms)

AssetImportParameters requested are different than current active one (requested -> active):
  custom:video-decoder-ogg-theora: a1e56fd34408186e4bbccfd4996cb3dc -> 
  custom:container-muxer-webm: aa71ff27fc2769a1b78a27578f13a17b -> 
  custom:container-demuxer-webm: 4f35f7cbe854078d1ac9338744f61a02 -> 
  custom:video-encoder-webm-vp8: eb34c28f22e8b96e1ab97ce403110664 -> 
  custom:video-codec-MediaFoundation-h265: 746d11721c4dcdbdad8f713fa42b33f4 -> 
  custom:CustomObjectIndexerAttribute: bc11b3a6c3213fcdd17b65e7da85e133 -> 
  custom:audio-encoder-webm-vorbis: bf7c407c2cedff20999df2af8eb42d56 -> 
  custom:framework-win-MediaFoundation: 216162199b28c13a410421893ffa2e32 -> 
  custom:SearchIndexIgnoredProperties: e643bd26f0fe6173181afceb89e7c659 -> 
  custom:container-demuxer-ogg: 62fdf1f143b41e24485cea50d1cbac27 -> 
  custom:video-decoder-webm-vp8: 9c59270c3fd7afecdb556c50c9e8de78 -> 
  custom:audio-decoder-ogg-vorbis: bf7c407c2cedff20999df2af8eb42d56 -> 
========================================================================
Received Prepare
Registering precompiled user dll's ...
Registered in 0.006425 seconds.
Begin MonoManager ReloadAssembly
Native extension for WindowsStandalone target not found
Refreshing native plugins compatible for Editor in 0.50 ms, found 3 plugins.
Preloading 0 native plugins for Editor in 0.00 ms.
[Package Manager] Server::EnsureServerProcessIsRunning -- launch failed, reason: Unity was launched with the -noUpm command-line argument
[Package Manager] Cannot connect to Unity Package Manager local server
Mono: successfully reloaded assembly
- Completed reload, in  1.222 seconds
Domain Reload Profiling:
	ReloadAssembly (1223ms)
		BeginReloadAssembly (135ms)
			ExecutionOrderSort (0ms)
			DisableScriptedObjects (3ms)
			BackupInstance (0ms)
			ReleaseScriptingObjects (0ms)
			CreateAndSetChildDomain (24ms)
		EndReloadAssembly (1004ms)
			LoadAssemblies (104ms)
			RebuildTransferFunctionScriptingTraits (0ms)
			SetupTypeCache (203ms)
			ReleaseScriptCaches (1ms)
			RebuildScriptCaches (30ms)
			SetupLoadedEditorAssemblies (665ms)
				LogAssemblyErrors (0ms)
				InitializePlatformSupportModulesInManaged (7ms)
				SetLoadedEditorAssemblies (0ms)
				RefreshPlugins (1ms)
				BeforeProcessingInitializeOnLoad (43ms)
				ProcessInitializeOnLoadAttributes (586ms)
				ProcessInitializeOnLoadMethodAttributes (17ms)
				AfterProcessingInitializeOnLoad (10ms)
				EditorAssembliesLoaded (0ms)
			ExecutionOrderSort2 (0ms)
			AwakeInstancesAfterBackupRestoration (10ms)
Platform modules already initialized, skipping
Refreshing native plugins compatible for Editor in 0.57 ms, found 3 plugins.
Preloading 0 native plugins for Editor in 0.00 ms.
Unloading 3152 Unused Serialized files (Serialized files now loaded: 0)
Unloading 19 unused Assets / (22.0 KB). Loaded Objects now: 3673.
Memory consumption went from 127.9 MB to 127.8 MB.
Total: 3.078500 ms (FindLiveObjects: 0.258600 ms CreateObjectMapping: 0.190100 ms MarkObjects: 2.581400 ms  DeleteObjects: 0.047100 ms)

AssetImportParameters requested are different than current active one (requested -> active):
  custom:video-decoder-ogg-theora: a1e56fd34408186e4bbccfd4996cb3dc -> 
  custom:container-muxer-webm: aa71ff27fc2769a1b78a27578f13a17b -> 
  custom:container-demuxer-webm: 4f35f7cbe854078d1ac9338744f61a02 -> 
  custom:video-encoder-webm-vp8: eb34c28f22e8b96e1ab97ce403110664 -> 
  custom:video-codec-MediaFoundation-h265: 746d11721c4dcdbdad8f713fa42b33f4 -> 
  custom:CustomObjectIndexerAttribute: bc11b3a6c3213fcdd17b65e7da85e133 -> 
  custom:audio-encoder-webm-vorbis: bf7c407c2cedff20999df2af8eb42d56 -> 
  custom:framework-win-MediaFoundation: 216162199b28c13a410421893ffa2e32 -> 
  custom:SearchIndexIgnoredProperties: e643bd26f0fe6173181afceb89e7c659 -> 
  custom:container-demuxer-ogg: 62fdf1f143b41e24485cea50d1cbac27 -> 
  custom:video-decoder-webm-vp8: 9c59270c3fd7afecdb556c50c9e8de78 -> 
  custom:audio-decoder-ogg-vorbis: bf7c407c2cedff20999df2af8eb42d56 -> 
========================================================================
Received Prepare
Registering precompiled user dll's ...
Registered in 0.004508 seconds.
Begin MonoManager ReloadAssembly
Native extension for WindowsStandalone target not found
Refreshing native plugins compatible for Editor in 0.38 ms, found 3 plugins.
Preloading 0 native plugins for Editor in 0.00 ms.
[Package Manager] Server::EnsureServerProcessIsRunning -- launch failed, reason: Unity was launched with the -noUpm command-line argument
[Package Manager] Cannot connect to Unity Package Manager local server
Mono: successfully reloaded assembly
- Completed reload, in  1.179 seconds
Domain Reload Profiling:
	ReloadAssembly (1180ms)
		BeginReloadAssembly (132ms)
			ExecutionOrderSort (0ms)
			DisableScriptedObjects (3ms)
			BackupInstance (0ms)
			ReleaseScriptingObjects (0ms)
			CreateAndSetChildDomain (23ms)
		EndReloadAssembly (969ms)
			LoadAssemblies (98ms)
			RebuildTransferFunctionScriptingTraits (0ms)
			SetupTypeCache (188ms)
			ReleaseScriptCaches (1ms)
			RebuildScriptCaches (30ms)
			SetupLoadedEditorAssemblies (654ms)
				LogAssemblyErrors (0ms)
				InitializePlatformSupportModulesInManaged (5ms)
				SetLoadedEditorAssemblies (0ms)
				RefreshPlugins (0ms)
				BeforeProcessingInitializeOnLoad (44ms)
				ProcessInitializeOnLoadAttributes (574ms)
				ProcessInitializeOnLoadMethodAttributes (17ms)
				AfterProcessingInitializeOnLoad (12ms)
				EditorAssembliesLoaded (0ms)
			ExecutionOrderSort2 (0ms)
			AwakeInstancesAfterBackupRestoration (10ms)
Platform modules already initialized, skipping
Refreshing native plugins compatible for Editor in 0.56 ms, found 3 plugins.
Preloading 0 native plugins for Editor in 0.00 ms.
Unloading 3152 Unused Serialized files (Serialized files now loaded: 0)
Unloading 19 unused Assets / (22.0 KB). Loaded Objects now: 3676.
Memory consumption went from 127.9 MB to 127.8 MB.
Total: 2.858700 ms (FindLiveObjects: 0.223300 ms CreateObjectMapping: 0.159500 ms MarkObjects: 2.444200 ms  DeleteObjects: 0.030600 ms)

AssetImportParameters requested are different than current active one (requested -> active):
  custom:video-decoder-ogg-theora: a1e56fd34408186e4bbccfd4996cb3dc -> 
  custom:container-muxer-webm: aa71ff27fc2769a1b78a27578f13a17b -> 
  custom:container-demuxer-webm: 4f35f7cbe854078d1ac9338744f61a02 -> 
  custom:video-encoder-webm-vp8: eb34c28f22e8b96e1ab97ce403110664 -> 
  custom:video-codec-MediaFoundation-h265: 746d11721c4dcdbdad8f713fa42b33f4 -> 
  custom:CustomObjectIndexerAttribute: bc11b3a6c3213fcdd17b65e7da85e133 -> 
  custom:audio-encoder-webm-vorbis: bf7c407c2cedff20999df2af8eb42d56 -> 
  custom:framework-win-MediaFoundation: 216162199b28c13a410421893ffa2e32 -> 
  custom:SearchIndexIgnoredProperties: e643bd26f0fe6173181afceb89e7c659 -> 
  custom:container-demuxer-ogg: 62fdf1f143b41e24485cea50d1cbac27 -> 
  custom:video-decoder-webm-vp8: 9c59270c3fd7afecdb556c50c9e8de78 -> 
  custom:audio-decoder-ogg-vorbis: bf7c407c2cedff20999df2af8eb42d56 -> 
========================================================================
Received Import Request.
  Time since last request: 240.087486 seconds.
  path: Assets/Prefabs/Monster.prefab
  artifactKey: Guid(c26657f44b145644cbb81fc9eed5e0f8) Importer(815301076,1909f56bfc062723c751e8b465ee728b)
Number of updated assets reloaded before import = 0
Start importing Assets/Prefabs/Monster.prefab using Guid(c26657f44b145644cbb81fc9eed5e0f8) Importer(815301076,1909f56bfc062723c751e8b465ee728b)  -> (artifact id: 'da4d6748225234e4224cbdcdeb8606c1') in 0.072209 seconds 
Number of asset objects unloaded after import = 121
========================================================================
Received Prepare
Registering precompiled user dll's ...
Registered in 0.003809 seconds.
Begin MonoManager ReloadAssembly
Native extension for WindowsStandalone target not found
Refreshing native plugins compatible for Editor in 0.40 ms, found 3 plugins.
Preloading 0 native plugins for Editor in 0.00 ms.
[Package Manager] Server::EnsureServerProcessIsRunning -- launch failed, reason: Unity was launched with the -noUpm command-line argument
[Package Manager] Cannot connect to Unity Package Manager local server
Mono: successfully reloaded assembly
- Completed reload, in  1.200 seconds
Domain Reload Profiling:
	ReloadAssembly (1201ms)
		BeginReloadAssembly (134ms)
			ExecutionOrderSort (0ms)
			DisableScriptedObjects (3ms)
			BackupInstance (0ms)
			ReleaseScriptingObjects (0ms)
			CreateAndSetChildDomain (24ms)
		EndReloadAssembly (990ms)
			LoadAssemblies (104ms)
			RebuildTransferFunctionScriptingTraits (0ms)
			SetupTypeCache (198ms)
			ReleaseScriptCaches (1ms)
			RebuildScriptCaches (32ms)
			SetupLoadedEditorAssemblies (655ms)
				LogAssemblyErrors (0ms)
				InitializePlatformSupportModulesInManaged (6ms)
				SetLoadedEditorAssemblies (1ms)
				RefreshPlugins (0ms)
				BeforeProcessingInitializeOnLoad (44ms)
				ProcessInitializeOnLoadAttributes (575ms)
				ProcessInitializeOnLoadMethodAttributes (17ms)
				AfterProcessingInitializeOnLoad (12ms)
				EditorAssembliesLoaded (0ms)
			ExecutionOrderSort2 (0ms)
			AwakeInstancesAfterBackupRestoration (10ms)
Platform modules already initialized, skipping
Refreshing native plugins compatible for Editor in 0.59 ms, found 3 plugins.
Preloading 0 native plugins for Editor in 0.00 ms.
Unloading 3152 Unused Serialized files (Serialized files now loaded: 0)
Unloading 21 unused Assets / (22.9 KB). Loaded Objects now: 3679.
Memory consumption went from 127.9 MB to 127.9 MB.
Total: 3.406600 ms (FindLiveObjects: 0.229800 ms CreateObjectMapping: 0.135000 ms MarkObjects: 2.968800 ms  DeleteObjects: 0.071700 ms)

AssetImportParameters requested are different than current active one (requested -> active):
  custom:video-decoder-ogg-theora: a1e56fd34408186e4bbccfd4996cb3dc -> 
  custom:container-muxer-webm: aa71ff27fc2769a1b78a27578f13a17b -> 
  custom:container-demuxer-webm: 4f35f7cbe854078d1ac9338744f61a02 -> 
  custom:video-encoder-webm-vp8: eb34c28f22e8b96e1ab97ce403110664 -> 
  custom:video-codec-MediaFoundation-h265: 746d11721c4dcdbdad8f713fa42b33f4 -> 
  custom:CustomObjectIndexerAttribute: bc11b3a6c3213fcdd17b65e7da85e133 -> 
  custom:audio-encoder-webm-vorbis: bf7c407c2cedff20999df2af8eb42d56 -> 
  custom:framework-win-MediaFoundation: 216162199b28c13a410421893ffa2e32 -> 
  custom:SearchIndexIgnoredProperties: e643bd26f0fe6173181afceb89e7c659 -> 
  custom:container-demuxer-ogg: 62fdf1f143b41e24485cea50d1cbac27 -> 
  custom:video-decoder-webm-vp8: 9c59270c3fd7afecdb556c50c9e8de78 -> 
  custom:audio-decoder-ogg-vorbis: bf7c407c2cedff20999df2af8eb42d56 -> 
========================================================================
Received Import Request.
  Time since last request: 95.168784 seconds.
  path: Assets/Prefabs/Bullet.prefab
  artifactKey: Guid(a70ca4622d2b66c48a1cee49bc3be4fb) Importer(815301076,1909f56bfc062723c751e8b465ee728b)
Number of updated assets reloaded before import = 0
Start importing Assets/Prefabs/Bullet.prefab using Guid(a70ca4622d2b66c48a1cee49bc3be4fb) Importer(815301076,1909f56bfc062723c751e8b465ee728b)  -> (artifact id: '9a9cb2a0d97352409f06eb5d09e9c92d') in 0.057917 seconds 
Number of asset objects unloaded after import = 22
========================================================================
Received Prepare
Registering precompiled user dll's ...
Registered in 0.005056 seconds.
Begin MonoManager ReloadAssembly
Native extension for WindowsStandalone target not found
Refreshing native plugins compatible for Editor in 0.38 ms, found 3 plugins.
Preloading 0 native plugins for Editor in 0.00 ms.
[Package Manager] Server::EnsureServerProcessIsRunning -- launch failed, reason: Unity was launched with the -noUpm command-line argument
[Package Manager] Cannot connect to Unity Package Manager local server
Mono: successfully reloaded assembly
- Completed reload, in  1.212 seconds
Domain Reload Profiling:
	ReloadAssembly (1212ms)
		BeginReloadAssembly (135ms)
			ExecutionOrderSort (0ms)
			DisableScriptedObjects (3ms)
			BackupInstance (0ms)
			ReleaseScriptingObjects (0ms)
			CreateAndSetChildDomain (28ms)
		EndReloadAssembly (998ms)
			LoadAssemblies (100ms)
			RebuildTransferFunctionScriptingTraits (0ms)
			SetupTypeCache (207ms)
			ReleaseScriptCaches (1ms)
			RebuildScriptCaches (30ms)
			SetupLoadedEditorAssemblies (654ms)
				LogAssemblyErrors (0ms)
				InitializePlatformSupportModulesInManaged (6ms)
				SetLoadedEditorAssemblies (0ms)
				RefreshPlugins (0ms)
				BeforeProcessingInitializeOnLoad (44ms)
				ProcessInitializeOnLoadAttributes (575ms)
				ProcessInitializeOnLoadMethodAttributes (18ms)
				AfterProcessingInitializeOnLoad (11ms)
				EditorAssembliesLoaded (0ms)
			ExecutionOrderSort2 (0ms)
			AwakeInstancesAfterBackupRestoration (10ms)
Platform modules already initialized, skipping
Refreshing native plugins compatible for Editor in 0.69 ms, found 3 plugins.
Preloading 0 native plugins for Editor in 0.00 ms.
Unloading 3152 Unused Serialized files (Serialized files now loaded: 0)
Unloading 19 unused Assets / (21.9 KB). Loaded Objects now: 3682.
Memory consumption went from 127.9 MB to 127.9 MB.
Total: 3.454000 ms (FindLiveObjects: 0.219800 ms CreateObjectMapping: 0.142900 ms MarkObjects: 3.059100 ms  DeleteObjects: 0.030900 ms)

AssetImportParameters requested are different than current active one (requested -> active):
  custom:video-decoder-ogg-theora: a1e56fd34408186e4bbccfd4996cb3dc -> 
  custom:container-muxer-webm: aa71ff27fc2769a1b78a27578f13a17b -> 
  custom:container-demuxer-webm: 4f35f7cbe854078d1ac9338744f61a02 -> 
  custom:video-encoder-webm-vp8: eb34c28f22e8b96e1ab97ce403110664 -> 
  custom:video-codec-MediaFoundation-h265: 746d11721c4dcdbdad8f713fa42b33f4 -> 
  custom:CustomObjectIndexerAttribute: bc11b3a6c3213fcdd17b65e7da85e133 -> 
  custom:audio-encoder-webm-vorbis: bf7c407c2cedff20999df2af8eb42d56 -> 
  custom:framework-win-MediaFoundation: 216162199b28c13a410421893ffa2e32 -> 
  custom:SearchIndexIgnoredProperties: e643bd26f0fe6173181afceb89e7c659 -> 
  custom:container-demuxer-ogg: 62fdf1f143b41e24485cea50d1cbac27 -> 
  custom:video-decoder-webm-vp8: 9c59270c3fd7afecdb556c50c9e8de78 -> 
  custom:audio-decoder-ogg-vorbis: bf7c407c2cedff20999df2af8eb42d56 -> 
========================================================================
Received Import Request.
  Time since last request: 328.031145 seconds.
  path: Assets/Prefabs/Bullet.prefab
  artifactKey: Guid(a70ca4622d2b66c48a1cee49bc3be4fb) Importer(815301076,1909f56bfc062723c751e8b465ee728b)
Number of updated assets reloaded before import = 0
Start importing Assets/Prefabs/Bullet.prefab using Guid(a70ca4622d2b66c48a1cee49bc3be4fb) Importer(815301076,1909f56bfc062723c751e8b465ee728b)  -> (artifact id: '231b7e10d9d8beb4c3e480a2a074070a') in 0.062452 seconds 
Number of asset objects unloaded after import = 22
========================================================================
Received Import Request.
  Time since last request: 28.925148 seconds.
  path: Assets/Prefabs/Monster.prefab
  artifactKey: Guid(c26657f44b145644cbb81fc9eed5e0f8) Importer(815301076,1909f56bfc062723c751e8b465ee728b)
Number of updated assets reloaded before import = 0
Start importing Assets/Prefabs/Monster.prefab using Guid(c26657f44b145644cbb81fc9eed5e0f8) Importer(815301076,1909f56bfc062723c751e8b465ee728b)  -> (artifact id: '36d4d8b3dc0692891075fddb90e18186') in 0.030052 seconds 
Number of asset objects unloaded after import = 121
========================================================================
Received Prepare
Registering precompiled user dll's ...
Registered in 0.004012 seconds.
Begin MonoManager ReloadAssembly
Native extension for WindowsStandalone target not found
Refreshing native plugins compatible for Editor in 0.38 ms, found 3 plugins.
Preloading 0 native plugins for Editor in 0.00 ms.
[Package Manager] Server::EnsureServerProcessIsRunning -- launch failed, reason: Unity was launched with the -noUpm command-line argument
[Package Manager] Cannot connect to Unity Package Manager local server
Mono: successfully reloaded assembly
- Completed reload, in  1.201 seconds
Domain Reload Profiling:
	ReloadAssembly (1201ms)
		BeginReloadAssembly (136ms)
			ExecutionOrderSort (0ms)
			DisableScriptedObjects (3ms)
			BackupInstance (0ms)
			ReleaseScriptingObjects (0ms)
			CreateAndSetChildDomain (24ms)
		EndReloadAssembly (983ms)
			LoadAssemblies (106ms)
			RebuildTransferFunctionScriptingTraits (0ms)
			SetupTypeCache (204ms)
			ReleaseScriptCaches (1ms)
			RebuildScriptCaches (30ms)
			SetupLoadedEditorAssemblies (646ms)
				LogAssemblyErrors (0ms)
				InitializePlatformSupportModulesInManaged (6ms)
				SetLoadedEditorAssemblies (0ms)
				RefreshPlugins (0ms)
				BeforeProcessingInitializeOnLoad (44ms)
				ProcessInitializeOnLoadAttributes (567ms)
				ProcessInitializeOnLoadMethodAttributes (16ms)
				AfterProcessingInitializeOnLoad (12ms)
				EditorAssembliesLoaded (0ms)
			ExecutionOrderSort2 (0ms)
			AwakeInstancesAfterBackupRestoration (11ms)
Platform modules already initialized, skipping
Refreshing native plugins compatible for Editor in 0.62 ms, found 3 plugins.
Preloading 0 native plugins for Editor in 0.00 ms.
Unloading 3152 Unused Serialized files (Serialized files now loaded: 0)
Unloading 21 unused Assets / (22.9 KB). Loaded Objects now: 3685.
Memory consumption went from 127.9 MB to 127.9 MB.
Total: 3.303700 ms (FindLiveObjects: 0.260200 ms CreateObjectMapping: 0.345000 ms MarkObjects: 2.612000 ms  DeleteObjects: 0.084600 ms)

AssetImportParameters requested are different than current active one (requested -> active):
  custom:video-decoder-ogg-theora: a1e56fd34408186e4bbccfd4996cb3dc -> 
  custom:container-muxer-webm: aa71ff27fc2769a1b78a27578f13a17b -> 
  custom:container-demuxer-webm: 4f35f7cbe854078d1ac9338744f61a02 -> 
  custom:video-encoder-webm-vp8: eb34c28f22e8b96e1ab97ce403110664 -> 
  custom:video-codec-MediaFoundation-h265: 746d11721c4dcdbdad8f713fa42b33f4 -> 
  custom:CustomObjectIndexerAttribute: bc11b3a6c3213fcdd17b65e7da85e133 -> 
  custom:audio-encoder-webm-vorbis: bf7c407c2cedff20999df2af8eb42d56 -> 
  custom:framework-win-MediaFoundation: 216162199b28c13a410421893ffa2e32 -> 
  custom:SearchIndexIgnoredProperties: e643bd26f0fe6173181afceb89e7c659 -> 
  custom:container-demuxer-ogg: 62fdf1f143b41e24485cea50d1cbac27 -> 
  custom:video-decoder-webm-vp8: 9c59270c3fd7afecdb556c50c9e8de78 -> 
  custom:audio-decoder-ogg-vorbis: bf7c407c2cedff20999df2af8eb42d56 -> 
========================================================================
Received Prepare
Registering precompiled user dll's ...
Registered in 0.004646 seconds.
Begin MonoManager ReloadAssembly
Native extension for WindowsStandalone target not found
Refreshing native plugins compatible for Editor in 0.48 ms, found 3 plugins.
Preloading 0 native plugins for Editor in 0.00 ms.
[Package Manager] Server::EnsureServerProcessIsRunning -- launch failed, reason: Unity was launched with the -noUpm command-line argument
[Package Manager] Cannot connect to Unity Package Manager local server
Mono: successfully reloaded assembly
- Completed reload, in  1.181 seconds
Domain Reload Profiling:
	ReloadAssembly (1181ms)
		BeginReloadAssembly (134ms)
			ExecutionOrderSort (0ms)
			DisableScriptedObjects (3ms)
			BackupInstance (0ms)
			ReleaseScriptingObjects (0ms)
			CreateAndSetChildDomain (22ms)
		EndReloadAssembly (977ms)
			LoadAssemblies (100ms)
			RebuildTransferFunctionScriptingTraits (0ms)
			SetupTypeCache (189ms)
			ReleaseScriptCaches (1ms)
			RebuildScriptCaches (30ms)
			SetupLoadedEditorAssemblies (662ms)
				LogAssemblyErrors (0ms)
				InitializePlatformSupportModulesInManaged (6ms)
				SetLoadedEditorAssemblies (0ms)
				RefreshPlugins (1ms)
				BeforeProcessingInitializeOnLoad (42ms)
				ProcessInitializeOnLoadAttributes (585ms)
				ProcessInitializeOnLoadMethodAttributes (16ms)
				AfterProcessingInitializeOnLoad (11ms)
				EditorAssembliesLoaded (0ms)
			ExecutionOrderSort2 (0ms)
			AwakeInstancesAfterBackupRestoration (10ms)
Platform modules already initialized, skipping
Refreshing native plugins compatible for Editor in 0.55 ms, found 3 plugins.
Preloading 0 native plugins for Editor in 0.00 ms.
Unloading 3152 Unused Serialized files (Serialized files now loaded: 0)
Unloading 19 unused Assets / (21.9 KB). Loaded Objects now: 3688.
Memory consumption went from 127.9 MB to 127.9 MB.
Total: 2.927500 ms (FindLiveObjects: 0.232900 ms CreateObjectMapping: 0.182000 ms MarkObjects: 2.482300 ms  DeleteObjects: 0.029300 ms)

AssetImportParameters requested are different than current active one (requested -> active):
  custom:video-decoder-ogg-theora: a1e56fd34408186e4bbccfd4996cb3dc -> 
  custom:container-muxer-webm: aa71ff27fc2769a1b78a27578f13a17b -> 
  custom:container-demuxer-webm: 4f35f7cbe854078d1ac9338744f61a02 -> 
  custom:video-encoder-webm-vp8: eb34c28f22e8b96e1ab97ce403110664 -> 
  custom:video-codec-MediaFoundation-h265: 746d11721c4dcdbdad8f713fa42b33f4 -> 
  custom:CustomObjectIndexerAttribute: bc11b3a6c3213fcdd17b65e7da85e133 -> 
  custom:audio-encoder-webm-vorbis: bf7c407c2cedff20999df2af8eb42d56 -> 
  custom:framework-win-MediaFoundation: 216162199b28c13a410421893ffa2e32 -> 
  custom:SearchIndexIgnoredProperties: e643bd26f0fe6173181afceb89e7c659 -> 
  custom:container-demuxer-ogg: 62fdf1f143b41e24485cea50d1cbac27 -> 
  custom:video-decoder-webm-vp8: 9c59270c3fd7afecdb556c50c9e8de78 -> 
  custom:audio-decoder-ogg-vorbis: bf7c407c2cedff20999df2af8eb42d56 -> 
========================================================================
Received Import Request.
  Time since last request: 35.014571 seconds.
  path: Assets/Prefabs/Monster.prefab
  artifactKey: Guid(c26657f44b145644cbb81fc9eed5e0f8) Importer(815301076,1909f56bfc062723c751e8b465ee728b)
Number of updated assets reloaded before import = 0
Start importing Assets/Prefabs/Monster.prefab using Guid(c26657f44b145644cbb81fc9eed5e0f8) Importer(815301076,1909f56bfc062723c751e8b465ee728b)  -> (artifact id: '06b75ca32d8db28e6193052ea00a86d2') in 0.067985 seconds 
Number of asset objects unloaded after import = 121
========================================================================
Received Import Request.
  Time since last request: 6.333518 seconds.
  path: Assets/Prefabs/Bullet.prefab
  artifactKey: Guid(a70ca4622d2b66c48a1cee49bc3be4fb) Importer(815301076,1909f56bfc062723c751e8b465ee728b)
Number of updated assets reloaded before import = 0
Start importing Assets/Prefabs/Bullet.prefab using Guid(a70ca4622d2b66c48a1cee49bc3be4fb) Importer(815301076,1909f56bfc062723c751e8b465ee728b)  -> (artifact id: '8f6cf47c5bba3b985c1aa90d944e9ee2') in 0.009827 seconds 
Number of asset objects unloaded after import = 22
========================================================================
Received Prepare
Registering precompiled user dll's ...
Registered in 0.003743 seconds.
Begin MonoManager ReloadAssembly
Native extension for WindowsStandalone target not found
Refreshing native plugins compatible for Editor in 0.35 ms, found 3 plugins.
Preloading 0 native plugins for Editor in 0.00 ms.
[Package Manager] Server::EnsureServerProcessIsRunning -- launch failed, reason: Unity was launched with the -noUpm command-line argument
[Package Manager] Cannot connect to Unity Package Manager local server
Mono: successfully reloaded assembly
- Completed reload, in  1.160 seconds
Domain Reload Profiling:
	ReloadAssembly (1161ms)
		BeginReloadAssembly (135ms)
			ExecutionOrderSort (0ms)
			DisableScriptedObjects (3ms)
			BackupInstance (0ms)
			ReleaseScriptingObjects (0ms)
			CreateAndSetChildDomain (24ms)
		EndReloadAssembly (946ms)
			LoadAssemblies (105ms)
			RebuildTransferFunctionScriptingTraits (0ms)
			SetupTypeCache (210ms)
			ReleaseScriptCaches (1ms)
			RebuildScriptCaches (28ms)
			SetupLoadedEditorAssemblies (617ms)
				LogAssemblyErrors (0ms)
				InitializePlatformSupportModulesInManaged (5ms)
				SetLoadedEditorAssemblies (0ms)
				RefreshPlugins (0ms)
				BeforeProcessingInitializeOnLoad (39ms)
				ProcessInitializeOnLoadAttributes (547ms)
				ProcessInitializeOnLoadMethodAttributes (14ms)
				AfterProcessingInitializeOnLoad (10ms)
				EditorAssembliesLoaded (0ms)
			ExecutionOrderSort2 (0ms)
			AwakeInstancesAfterBackupRestoration (8ms)
Platform modules already initialized, skipping
Refreshing native plugins compatible for Editor in 0.58 ms, found 3 plugins.
Preloading 0 native plugins for Editor in 0.00 ms.
Unloading 3152 Unused Serialized files (Serialized files now loaded: 0)
Unloading 21 unused Assets / (23.0 KB). Loaded Objects now: 3691.
Memory consumption went from 127.9 MB to 127.9 MB.
Total: 2.975200 ms (FindLiveObjects: 0.231100 ms CreateObjectMapping: 0.133100 ms MarkObjects: 2.549100 ms  DeleteObjects: 0.061300 ms)

AssetImportParameters requested are different than current active one (requested -> active):
  custom:video-decoder-ogg-theora: a1e56fd34408186e4bbccfd4996cb3dc -> 
  custom:container-muxer-webm: aa71ff27fc2769a1b78a27578f13a17b -> 
  custom:container-demuxer-webm: 4f35f7cbe854078d1ac9338744f61a02 -> 
  custom:video-encoder-webm-vp8: eb34c28f22e8b96e1ab97ce403110664 -> 
  custom:video-codec-MediaFoundation-h265: 746d11721c4dcdbdad8f713fa42b33f4 -> 
  custom:CustomObjectIndexerAttribute: bc11b3a6c3213fcdd17b65e7da85e133 -> 
  custom:audio-encoder-webm-vorbis: bf7c407c2cedff20999df2af8eb42d56 -> 
  custom:framework-win-MediaFoundation: 216162199b28c13a410421893ffa2e32 -> 
  custom:SearchIndexIgnoredProperties: e643bd26f0fe6173181afceb89e7c659 -> 
  custom:container-demuxer-ogg: 62fdf1f143b41e24485cea50d1cbac27 -> 
  custom:video-decoder-webm-vp8: 9c59270c3fd7afecdb556c50c9e8de78 -> 
  custom:audio-decoder-ogg-vorbis: bf7c407c2cedff20999df2af8eb42d56 -> 
========================================================================
Received Prepare
Registering precompiled user dll's ...
Registered in 0.004116 seconds.
Begin MonoManager ReloadAssembly
Native extension for WindowsStandalone target not found
Refreshing native plugins compatible for Editor in 0.43 ms, found 3 plugins.
Preloading 0 native plugins for Editor in 0.00 ms.
[Package Manager] Server::EnsureServerProcessIsRunning -- launch failed, reason: Unity was launched with the -noUpm command-line argument
[Package Manager] Cannot connect to Unity Package Manager local server
Mono: successfully reloaded assembly
- Completed reload, in  1.150 seconds
Domain Reload Profiling:
	ReloadAssembly (1150ms)
		BeginReloadAssembly (138ms)
			ExecutionOrderSort (0ms)
			DisableScriptedObjects (3ms)
			BackupInstance (0ms)
			ReleaseScriptingObjects (0ms)
			CreateAndSetChildDomain (24ms)
		EndReloadAssembly (926ms)
			LoadAssemblies (103ms)
			RebuildTransferFunctionScriptingTraits (0ms)
			SetupTypeCache (200ms)
			ReleaseScriptCaches (1ms)
			RebuildScriptCaches (27ms)
			SetupLoadedEditorAssemblies (609ms)
				LogAssemblyErrors (0ms)
				InitializePlatformSupportModulesInManaged (9ms)
				SetLoadedEditorAssemblies (0ms)
				RefreshPlugins (1ms)
				BeforeProcessingInitializeOnLoad (40ms)
				ProcessInitializeOnLoadAttributes (538ms)
				ProcessInitializeOnLoadMethodAttributes (13ms)
				AfterProcessingInitializeOnLoad (9ms)
				EditorAssembliesLoaded (0ms)
			ExecutionOrderSort2 (0ms)
			AwakeInstancesAfterBackupRestoration (9ms)
Platform modules already initialized, skipping
Refreshing native plugins compatible for Editor in 0.58 ms, found 3 plugins.
Preloading 0 native plugins for Editor in 0.00 ms.
Unloading 3152 Unused Serialized files (Serialized files now loaded: 0)
Unloading 19 unused Assets / (21.9 KB). Loaded Objects now: 3694.
Memory consumption went from 127.9 MB to 127.9 MB.
Total: 2.944800 ms (FindLiveObjects: 0.215000 ms CreateObjectMapping: 0.130700 ms MarkObjects: 2.565400 ms  DeleteObjects: 0.032500 ms)

AssetImportParameters requested are different than current active one (requested -> active):
  custom:video-decoder-ogg-theora: a1e56fd34408186e4bbccfd4996cb3dc -> 
  custom:container-muxer-webm: aa71ff27fc2769a1b78a27578f13a17b -> 
  custom:container-demuxer-webm: 4f35f7cbe854078d1ac9338744f61a02 -> 
  custom:video-encoder-webm-vp8: eb34c28f22e8b96e1ab97ce403110664 -> 
  custom:video-codec-MediaFoundation-h265: 746d11721c4dcdbdad8f713fa42b33f4 -> 
  custom:CustomObjectIndexerAttribute: bc11b3a6c3213fcdd17b65e7da85e133 -> 
  custom:audio-encoder-webm-vorbis: bf7c407c2cedff20999df2af8eb42d56 -> 
  custom:framework-win-MediaFoundation: 216162199b28c13a410421893ffa2e32 -> 
  custom:SearchIndexIgnoredProperties: e643bd26f0fe6173181afceb89e7c659 -> 
  custom:container-demuxer-ogg: 62fdf1f143b41e24485cea50d1cbac27 -> 
  custom:video-decoder-webm-vp8: 9c59270c3fd7afecdb556c50c9e8de78 -> 
  custom:audio-decoder-ogg-vorbis: bf7c407c2cedff20999df2af8eb42d56 -> 
========================================================================
Received Prepare
Registering precompiled user dll's ...
Registered in 0.004739 seconds.
Begin MonoManager ReloadAssembly
Native extension for WindowsStandalone target not found
Refreshing native plugins compatible for Editor in 0.45 ms, found 3 plugins.
Preloading 0 native plugins for Editor in 0.00 ms.
[Package Manager] Server::EnsureServerProcessIsRunning -- launch failed, reason: Unity was launched with the -noUpm command-line argument
[Package Manager] Cannot connect to Unity Package Manager local server
Mono: successfully reloaded assembly
- Completed reload, in  1.209 seconds
Domain Reload Profiling:
	ReloadAssembly (1210ms)
		BeginReloadAssembly (137ms)
			ExecutionOrderSort (0ms)
			DisableScriptedObjects (3ms)
			BackupInstance (0ms)
			ReleaseScriptingObjects (0ms)
			CreateAndSetChildDomain (24ms)
		EndReloadAssembly (994ms)
			LoadAssemblies (105ms)
			RebuildTransferFunctionScriptingTraits (0ms)
			SetupTypeCache (202ms)
			ReleaseScriptCaches (1ms)
			RebuildScriptCaches (31ms)
			SetupLoadedEditorAssemblies (659ms)
				LogAssemblyErrors (0ms)
				InitializePlatformSupportModulesInManaged (6ms)
				SetLoadedEditorAssemblies (0ms)
				RefreshPlugins (1ms)
				BeforeProcessingInitializeOnLoad (44ms)
				ProcessInitializeOnLoadAttributes (578ms)
				ProcessInitializeOnLoadMethodAttributes (17ms)
				AfterProcessingInitializeOnLoad (11ms)
				EditorAssembliesLoaded (0ms)
			ExecutionOrderSort2 (0ms)
			AwakeInstancesAfterBackupRestoration (10ms)
Platform modules already initialized, skipping
Refreshing native plugins compatible for Editor in 0.76 ms, found 3 plugins.
Preloading 0 native plugins for Editor in 0.00 ms.
Unloading 3152 Unused Serialized files (Serialized files now loaded: 0)
Unloading 19 unused Assets / (22.0 KB). Loaded Objects now: 3697.
Memory consumption went from 128.0 MB to 127.9 MB.
Total: 2.958800 ms (FindLiveObjects: 0.257700 ms CreateObjectMapping: 0.173800 ms MarkObjects: 2.498000 ms  DeleteObjects: 0.028200 ms)

AssetImportParameters requested are different than current active one (requested -> active):
  custom:video-decoder-ogg-theora: a1e56fd34408186e4bbccfd4996cb3dc -> 
  custom:container-muxer-webm: aa71ff27fc2769a1b78a27578f13a17b -> 
  custom:container-demuxer-webm: 4f35f7cbe854078d1ac9338744f61a02 -> 
  custom:video-encoder-webm-vp8: eb34c28f22e8b96e1ab97ce403110664 -> 
  custom:video-codec-MediaFoundation-h265: 746d11721c4dcdbdad8f713fa42b33f4 -> 
  custom:CustomObjectIndexerAttribute: bc11b3a6c3213fcdd17b65e7da85e133 -> 
  custom:audio-encoder-webm-vorbis: bf7c407c2cedff20999df2af8eb42d56 -> 
  custom:framework-win-MediaFoundation: 216162199b28c13a410421893ffa2e32 -> 
  custom:SearchIndexIgnoredProperties: e643bd26f0fe6173181afceb89e7c659 -> 
  custom:container-demuxer-ogg: 62fdf1f143b41e24485cea50d1cbac27 -> 
  custom:video-decoder-webm-vp8: 9c59270c3fd7afecdb556c50c9e8de78 -> 
  custom:audio-decoder-ogg-vorbis: bf7c407c2cedff20999df2af8eb42d56 -> 
========================================================================
Received Import Request.
  Time since last request: 547.212738 seconds.
  path: Assets/Scripts
  artifactKey: Guid(7670dcef888a9574695a8f4130c74789) Importer(815301076,1909f56bfc062723c751e8b465ee728b)
Number of updated assets reloaded before import = 0
Start importing Assets/Scripts using Guid(7670dcef888a9574695a8f4130c74789) Importer(815301076,1909f56bfc062723c751e8b465ee728b)  -> (artifact id: '4993123be062b51f716dfb64a44a690b') in 0.021377 seconds 
Number of asset objects unloaded after import = 0
========================================================================
Received Import Request.
  Time since last request: 10.417918 seconds.
  path: Assets/Scripts/HPManager.cs
  artifactKey: Guid(e56307276e839a64587faad5ec9efb80) Importer(815301076,1909f56bfc062723c751e8b465ee728b)
Number of updated assets reloaded before import = 0
Start importing Assets/Scripts/HPManager.cs using Guid(e56307276e839a64587faad5ec9efb80) Importer(815301076,1909f56bfc062723c751e8b465ee728b)  -> (artifact id: '462697599176361ed4af6709c1e19f3a') in 0.017025 seconds 
Number of asset objects unloaded after import = 0
========================================================================
Received Prepare
Registering precompiled user dll's ...
Registered in 0.004101 seconds.
Begin MonoManager ReloadAssembly
Native extension for WindowsStandalone target not found
Refreshing native plugins compatible for Editor in 0.58 ms, found 3 plugins.
Preloading 0 native plugins for Editor in 0.00 ms.
[Package Manager] Server::EnsureServerProcessIsRunning -- launch failed, reason: Unity was launched with the -noUpm command-line argument
[Package Manager] Cannot connect to Unity Package Manager local server
Mono: successfully reloaded assembly
- Completed reload, in  1.822 seconds
Domain Reload Profiling:
	ReloadAssembly (1825ms)
		BeginReloadAssembly (248ms)
			ExecutionOrderSort (0ms)
			DisableScriptedObjects (5ms)
			BackupInstance (0ms)
			ReleaseScriptingObjects (0ms)
			CreateAndSetChildDomain (36ms)
		EndReloadAssembly (1426ms)
			LoadAssemblies (208ms)
			RebuildTransferFunctionScriptingTraits (0ms)
			SetupTypeCache (293ms)
			ReleaseScriptCaches (1ms)
			RebuildScriptCaches (50ms)
			SetupLoadedEditorAssemblies (893ms)
				LogAssemblyErrors (0ms)
				InitializePlatformSupportModulesInManaged (9ms)
				SetLoadedEditorAssemblies (1ms)
				RefreshPlugins (1ms)
				BeforeProcessingInitializeOnLoad (102ms)
				ProcessInitializeOnLoadAttributes (714ms)
				ProcessInitializeOnLoadMethodAttributes (28ms)
				AfterProcessingInitializeOnLoad (39ms)
				EditorAssembliesLoaded (0ms)
			ExecutionOrderSort2 (0ms)
			AwakeInstancesAfterBackupRestoration (27ms)
Platform modules already initialized, skipping
Refreshing native plugins compatible for Editor in 0.57 ms, found 3 plugins.
Preloading 0 native plugins for Editor in 0.00 ms.
Unloading 3153 Unused Serialized files (Serialized files now loaded: 0)
Unloading 19 unused Assets / (22.0 KB). Loaded Objects now: 3701.
Memory consumption went from 128.0 MB to 128.0 MB.
Total: 3.399000 ms (FindLiveObjects: 0.473900 ms CreateObjectMapping: 0.135200 ms MarkObjects: 2.750200 ms  DeleteObjects: 0.038300 ms)

AssetImportParameters requested are different than current active one (requested -> active):
  custom:video-decoder-ogg-theora: a1e56fd34408186e4bbccfd4996cb3dc -> 
  custom:container-muxer-webm: aa71ff27fc2769a1b78a27578f13a17b -> 
  custom:container-demuxer-webm: 4f35f7cbe854078d1ac9338744f61a02 -> 
  custom:video-encoder-webm-vp8: eb34c28f22e8b96e1ab97ce403110664 -> 
  custom:video-codec-MediaFoundation-h265: 746d11721c4dcdbdad8f713fa42b33f4 -> 
  custom:CustomObjectIndexerAttribute: bc11b3a6c3213fcdd17b65e7da85e133 -> 
  custom:audio-encoder-webm-vorbis: bf7c407c2cedff20999df2af8eb42d56 -> 
  custom:framework-win-MediaFoundation: 216162199b28c13a410421893ffa2e32 -> 
  custom:SearchIndexIgnoredProperties: e643bd26f0fe6173181afceb89e7c659 -> 
  custom:container-demuxer-ogg: 62fdf1f143b41e24485cea50d1cbac27 -> 
  custom:video-decoder-webm-vp8: 9c59270c3fd7afecdb556c50c9e8de78 -> 
  custom:audio-decoder-ogg-vorbis: bf7c407c2cedff20999df2af8eb42d56 -> 
========================================================================
Received Import Request.
  Time since last request: 68.602926 seconds.
  path: Assets/Scripts/HPManager.cs
  artifactKey: Guid(e56307276e839a64587faad5ec9efb80) Importer(815301076,1909f56bfc062723c751e8b465ee728b)
Number of updated assets reloaded before import = 0
Start importing Assets/Scripts/HPManager.cs using Guid(e56307276e839a64587faad5ec9efb80) Importer(815301076,1909f56bfc062723c751e8b465ee728b)  -> (artifact id: '4188d9ed9634be400b05b4a784322787') in 0.009388 seconds 
Number of asset objects unloaded after import = 0
========================================================================
Received Prepare
Registering precompiled user dll's ...
Registered in 0.009797 seconds.
Begin MonoManager ReloadAssembly
Native extension for WindowsStandalone target not found
Refreshing native plugins compatible for Editor in 0.54 ms, found 3 plugins.
Preloading 0 native plugins for Editor in 0.00 ms.
[Package Manager] Server::EnsureServerProcessIsRunning -- launch failed, reason: Unity was launched with the -noUpm command-line argument
[Package Manager] Cannot connect to Unity Package Manager local server
Mono: successfully reloaded assembly
- Completed reload, in  1.732 seconds
Domain Reload Profiling:
	ReloadAssembly (1733ms)
		BeginReloadAssembly (272ms)
			ExecutionOrderSort (0ms)
			DisableScriptedObjects (5ms)
			BackupInstance (0ms)
			ReleaseScriptingObjects (0ms)
			CreateAndSetChildDomain (35ms)
		EndReloadAssembly (1328ms)
			LoadAssemblies (235ms)
			RebuildTransferFunctionScriptingTraits (0ms)
			SetupTypeCache (323ms)
			ReleaseScriptCaches (1ms)
			RebuildScriptCaches (43ms)
			SetupLoadedEditorAssemblies (796ms)
				LogAssemblyErrors (0ms)
				InitializePlatformSupportModulesInManaged (8ms)
				SetLoadedEditorAssemblies (1ms)
				RefreshPlugins (1ms)
				BeforeProcessingInitializeOnLoad (78ms)
				ProcessInitializeOnLoadAttributes (667ms)
				ProcessInitializeOnLoadMethodAttributes (22ms)
				AfterProcessingInitializeOnLoad (19ms)
				EditorAssembliesLoaded (0ms)
			ExecutionOrderSort2 (0ms)
			AwakeInstancesAfterBackupRestoration (16ms)
Platform modules already initialized, skipping
Refreshing native plugins compatible for Editor in 0.59 ms, found 3 plugins.
Preloading 0 native plugins for Editor in 0.00 ms.
Unloading 3153 Unused Serialized files (Serialized files now loaded: 0)
Unloading 19 unused Assets / (22.0 KB). Loaded Objects now: 3704.
Memory consumption went from 128.0 MB to 128.0 MB.
Total: 3.443800 ms (FindLiveObjects: 0.419700 ms CreateObjectMapping: 0.128000 ms MarkObjects: 2.858300 ms  DeleteObjects: 0.036400 ms)

AssetImportParameters requested are different than current active one (requested -> active):
  custom:video-decoder-ogg-theora: a1e56fd34408186e4bbccfd4996cb3dc -> 
  custom:container-muxer-webm: aa71ff27fc2769a1b78a27578f13a17b -> 
  custom:container-demuxer-webm: 4f35f7cbe854078d1ac9338744f61a02 -> 
  custom:video-encoder-webm-vp8: eb34c28f22e8b96e1ab97ce403110664 -> 
  custom:video-codec-MediaFoundation-h265: 746d11721c4dcdbdad8f713fa42b33f4 -> 
  custom:CustomObjectIndexerAttribute: bc11b3a6c3213fcdd17b65e7da85e133 -> 
  custom:audio-encoder-webm-vorbis: bf7c407c2cedff20999df2af8eb42d56 -> 
  custom:framework-win-MediaFoundation: 216162199b28c13a410421893ffa2e32 -> 
  custom:SearchIndexIgnoredProperties: e643bd26f0fe6173181afceb89e7c659 -> 
  custom:container-demuxer-ogg: 62fdf1f143b41e24485cea50d1cbac27 -> 
  custom:video-decoder-webm-vp8: 9c59270c3fd7afecdb556c50c9e8de78 -> 
  custom:audio-decoder-ogg-vorbis: bf7c407c2cedff20999df2af8eb42d56 -> 
========================================================================
Received Import Request.
  Time since last request: 7.558615 seconds.
  path: Assets/Scripts/HPManager.cs
  artifactKey: Guid(e56307276e839a64587faad5ec9efb80) Importer(815301076,1909f56bfc062723c751e8b465ee728b)
Number of updated assets reloaded before import = 0
Start importing Assets/Scripts/HPManager.cs using Guid(e56307276e839a64587faad5ec9efb80) Importer(815301076,1909f56bfc062723c751e8b465ee728b)  -> (artifact id: '0089f4060b47213d7bf53efc8d6a2a2d') in 0.010380 seconds 
Number of asset objects unloaded after import = 0
========================================================================
Received Import Request.
  Time since last request: 101.819182 seconds.
  path: Assets/Scripts/HPManager.cs
  artifactKey: Guid(e56307276e839a64587faad5ec9efb80) Importer(815301076,1909f56bfc062723c751e8b465ee728b)
Number of updated assets reloaded before import = 0
Start importing Assets/Scripts/HPManager.cs using Guid(e56307276e839a64587faad5ec9efb80) Importer(815301076,1909f56bfc062723c751e8b465ee728b)  -> (artifact id: '321ecb80a241c35b6b4d47d03ebcbda6') in 0.002659 seconds 
Number of asset objects unloaded after import = 0
========================================================================
Received Prepare
Registering precompiled user dll's ...
Registered in 0.003593 seconds.
Begin MonoManager ReloadAssembly
Native extension for WindowsStandalone target not found
Refreshing native plugins compatible for Editor in 0.35 ms, found 3 plugins.
Preloading 0 native plugins for Editor in 0.00 ms.
[Package Manager] Server::EnsureServerProcessIsRunning -- launch failed, reason: Unity was launched with the -noUpm command-line argument
[Package Manager] Cannot connect to Unity Package Manager local server
Mono: successfully reloaded assembly
- Completed reload, in  1.184 seconds
Domain Reload Profiling:
	ReloadAssembly (1184ms)
		BeginReloadAssembly (136ms)
			ExecutionOrderSort (0ms)
			DisableScriptedObjects (3ms)
			BackupInstance (0ms)
			ReleaseScriptingObjects (0ms)
			CreateAndSetChildDomain (25ms)
		EndReloadAssembly (964ms)
			LoadAssemblies (100ms)
			RebuildTransferFunctionScriptingTraits (0ms)
			SetupTypeCache (238ms)
			ReleaseScriptCaches (1ms)
			RebuildScriptCaches (27ms)
			SetupLoadedEditorAssemblies (607ms)
				LogAssemblyErrors (0ms)
				InitializePlatformSupportModulesInManaged (6ms)
				SetLoadedEditorAssemblies (0ms)
				RefreshPlugins (0ms)
				BeforeProcessingInitializeOnLoad (42ms)
				ProcessInitializeOnLoadAttributes (535ms)
				ProcessInitializeOnLoadMethodAttributes (15ms)
				AfterProcessingInitializeOnLoad (9ms)
				EditorAssembliesLoaded (0ms)
			ExecutionOrderSort2 (0ms)
			AwakeInstancesAfterBackupRestoration (9ms)
Platform modules already initialized, skipping
Refreshing native plugins compatible for Editor in 0.63 ms, found 3 plugins.
Preloading 0 native plugins for Editor in 0.00 ms.
Unloading 3153 Unused Serialized files (Serialized files now loaded: 0)
Unloading 19 unused Assets / (22.0 KB). Loaded Objects now: 3707.
Memory consumption went from 128.0 MB to 128.0 MB.
Total: 3.278400 ms (FindLiveObjects: 0.276200 ms CreateObjectMapping: 0.192600 ms MarkObjects: 2.766500 ms  DeleteObjects: 0.041500 ms)

AssetImportParameters requested are different than current active one (requested -> active):
  custom:video-decoder-ogg-theora: a1e56fd34408186e4bbccfd4996cb3dc -> 
  custom:container-muxer-webm: aa71ff27fc2769a1b78a27578f13a17b -> 
  custom:container-demuxer-webm: 4f35f7cbe854078d1ac9338744f61a02 -> 
  custom:video-encoder-webm-vp8: eb34c28f22e8b96e1ab97ce403110664 -> 
  custom:video-codec-MediaFoundation-h265: 746d11721c4dcdbdad8f713fa42b33f4 -> 
  custom:CustomObjectIndexerAttribute: bc11b3a6c3213fcdd17b65e7da85e133 -> 
  custom:audio-encoder-webm-vorbis: bf7c407c2cedff20999df2af8eb42d56 -> 
  custom:framework-win-MediaFoundation: 216162199b28c13a410421893ffa2e32 -> 
  custom:SearchIndexIgnoredProperties: e643bd26f0fe6173181afceb89e7c659 -> 
  custom:container-demuxer-ogg: 62fdf1f143b41e24485cea50d1cbac27 -> 
  custom:video-decoder-webm-vp8: 9c59270c3fd7afecdb556c50c9e8de78 -> 
  custom:audio-decoder-ogg-vorbis: bf7c407c2cedff20999df2af8eb42d56 -> 
========================================================================
Received Import Request.
  Time since last request: 55.448885 seconds.
  path: Assets/Scripts/HPManager.cs
  artifactKey: Guid(e56307276e839a64587faad5ec9efb80) Importer(815301076,1909f56bfc062723c751e8b465ee728b)
Number of updated assets reloaded before import = 0
Start importing Assets/Scripts/HPManager.cs using Guid(e56307276e839a64587faad5ec9efb80) Importer(815301076,1909f56bfc062723c751e8b465ee728b)  -> (artifact id: '798215551620524afff6b9df5190d395') in 0.007725 seconds 
Number of asset objects unloaded after import = 0
========================================================================
Received Prepare
Registering precompiled user dll's ...
Registered in 0.003114 seconds.
Begin MonoManager ReloadAssembly
Native extension for WindowsStandalone target not found
Refreshing native plugins compatible for Editor in 0.38 ms, found 3 plugins.
Preloading 0 native plugins for Editor in 0.00 ms.
[Package Manager] Server::EnsureServerProcessIsRunning -- launch failed, reason: Unity was launched with the -noUpm command-line argument
[Package Manager] Cannot connect to Unity Package Manager local server
Mono: successfully reloaded assembly
- Completed reload, in  1.178 seconds
Domain Reload Profiling:
	ReloadAssembly (1178ms)
		BeginReloadAssembly (133ms)
			ExecutionOrderSort (0ms)
			DisableScriptedObjects (3ms)
			BackupInstance (0ms)
			ReleaseScriptingObjects (0ms)
			CreateAndSetChildDomain (24ms)
		EndReloadAssembly (957ms)
			LoadAssemblies (99ms)
			RebuildTransferFunctionScriptingTraits (0ms)
			SetupTypeCache (185ms)
			ReleaseScriptCaches (1ms)
			RebuildScriptCaches (27ms)
			SetupLoadedEditorAssemblies (629ms)
				LogAssemblyErrors (0ms)
				InitializePlatformSupportModulesInManaged (6ms)
				SetLoadedEditorAssemblies (0ms)
				RefreshPlugins (0ms)
				BeforeProcessingInitializeOnLoad (39ms)
				ProcessInitializeOnLoadAttributes (558ms)
				ProcessInitializeOnLoadMethodAttributes (15ms)
				AfterProcessingInitializeOnLoad (10ms)
				EditorAssembliesLoaded (0ms)
			ExecutionOrderSort2 (0ms)
			AwakeInstancesAfterBackupRestoration (8ms)
Platform modules already initialized, skipping
Refreshing native plugins compatible for Editor in 0.56 ms, found 3 plugins.
Preloading 0 native plugins for Editor in 0.00 ms.
Unloading 3153 Unused Serialized files (Serialized files now loaded: 0)
Unloading 19 unused Assets / (21.9 KB). Loaded Objects now: 3710.
Memory consumption went from 128.0 MB to 128.0 MB.
Total: 3.171600 ms (FindLiveObjects: 0.248000 ms CreateObjectMapping: 0.164200 ms MarkObjects: 2.719100 ms  DeleteObjects: 0.038400 ms)

AssetImportParameters requested are different than current active one (requested -> active):
  custom:video-decoder-ogg-theora: a1e56fd34408186e4bbccfd4996cb3dc -> 
  custom:container-muxer-webm: aa71ff27fc2769a1b78a27578f13a17b -> 
  custom:container-demuxer-webm: 4f35f7cbe854078d1ac9338744f61a02 -> 
  custom:video-encoder-webm-vp8: eb34c28f22e8b96e1ab97ce403110664 -> 
  custom:video-codec-MediaFoundation-h265: 746d11721c4dcdbdad8f713fa42b33f4 -> 
  custom:CustomObjectIndexerAttribute: bc11b3a6c3213fcdd17b65e7da85e133 -> 
  custom:audio-encoder-webm-vorbis: bf7c407c2cedff20999df2af8eb42d56 -> 
  custom:framework-win-MediaFoundation: 216162199b28c13a410421893ffa2e32 -> 
  custom:SearchIndexIgnoredProperties: e643bd26f0fe6173181afceb89e7c659 -> 
  custom:container-demuxer-ogg: 62fdf1f143b41e24485cea50d1cbac27 -> 
  custom:video-decoder-webm-vp8: 9c59270c3fd7afecdb556c50c9e8de78 -> 
  custom:audio-decoder-ogg-vorbis: bf7c407c2cedff20999df2af8eb42d56 -> 
========================================================================
Received Import Request.
  Time since last request: 4.759750 seconds.
  path: Assets/Scripts/HPManager.cs
  artifactKey: Guid(e56307276e839a64587faad5ec9efb80) Importer(815301076,1909f56bfc062723c751e8b465ee728b)
Number of updated assets reloaded before import = 0
Start importing Assets/Scripts/HPManager.cs using Guid(e56307276e839a64587faad5ec9efb80) Importer(815301076,1909f56bfc062723c751e8b465ee728b)  -> (artifact id: 'dd8820d850406ca2f3caedad3e8d694c') in 0.009693 seconds 
Number of asset objects unloaded after import = 0
========================================================================
Received Import Request.
  Time since last request: 106.084242 seconds.
  path: Assets/Scripts/HPManager.cs
  artifactKey: Guid(e56307276e839a64587faad5ec9efb80) Importer(815301076,1909f56bfc062723c751e8b465ee728b)
Number of updated assets reloaded before import = 0
Start importing Assets/Scripts/HPManager.cs using Guid(e56307276e839a64587faad5ec9efb80) Importer(815301076,1909f56bfc062723c751e8b465ee728b)  -> (artifact id: '51067f61fb92d8adb9e65805aa5a8872') in 0.002890 seconds 
Number of asset objects unloaded after import = 0
========================================================================
Received Prepare
Registering precompiled user dll's ...
Registered in 0.003567 seconds.
Begin MonoManager ReloadAssembly
Native extension for WindowsStandalone target not found
Refreshing native plugins compatible for Editor in 0.36 ms, found 3 plugins.
Preloading 0 native plugins for Editor in 0.00 ms.
[Package Manager] Server::EnsureServerProcessIsRunning -- launch failed, reason: Unity was launched with the -noUpm command-line argument
[Package Manager] Cannot connect to Unity Package Manager local server
Mono: successfully reloaded assembly
- Completed reload, in  1.192 seconds
Domain Reload Profiling:
	ReloadAssembly (1193ms)
		BeginReloadAssembly (133ms)
			ExecutionOrderSort (0ms)
			DisableScriptedObjects (3ms)
			BackupInstance (0ms)
			ReleaseScriptingObjects (0ms)
			CreateAndSetChildDomain (23ms)
		EndReloadAssembly (964ms)
			LoadAssemblies (101ms)
			RebuildTransferFunctionScriptingTraits (0ms)
			SetupTypeCache (200ms)
			ReleaseScriptCaches (1ms)
			RebuildScriptCaches (57ms)
			SetupLoadedEditorAssemblies (612ms)
				LogAssemblyErrors (0ms)
				InitializePlatformSupportModulesInManaged (5ms)
				SetLoadedEditorAssemblies (0ms)
				RefreshPlugins (0ms)
				BeforeProcessingInitializeOnLoad (38ms)
				ProcessInitializeOnLoadAttributes (544ms)
				ProcessInitializeOnLoadMethodAttributes (15ms)
				AfterProcessingInitializeOnLoad (9ms)
				EditorAssembliesLoaded (0ms)
			ExecutionOrderSort2 (0ms)
			AwakeInstancesAfterBackupRestoration (9ms)
Platform modules already initialized, skipping
Refreshing native plugins compatible for Editor in 0.54 ms, found 3 plugins.
Preloading 0 native plugins for Editor in 0.00 ms.
Unloading 3153 Unused Serialized files (Serialized files now loaded: 0)
Unloading 19 unused Assets / (21.9 KB). Loaded Objects now: 3713.
Memory consumption went from 128.0 MB to 128.0 MB.
Total: 2.918300 ms (FindLiveObjects: 0.235300 ms CreateObjectMapping: 0.125400 ms MarkObjects: 2.527000 ms  DeleteObjects: 0.029300 ms)

AssetImportParameters requested are different than current active one (requested -> active):
  custom:video-decoder-ogg-theora: a1e56fd34408186e4bbccfd4996cb3dc -> 
  custom:container-muxer-webm: aa71ff27fc2769a1b78a27578f13a17b -> 
  custom:container-demuxer-webm: 4f35f7cbe854078d1ac9338744f61a02 -> 
  custom:video-encoder-webm-vp8: eb34c28f22e8b96e1ab97ce403110664 -> 
  custom:video-codec-MediaFoundation-h265: 746d11721c4dcdbdad8f713fa42b33f4 -> 
  custom:CustomObjectIndexerAttribute: bc11b3a6c3213fcdd17b65e7da85e133 -> 
  custom:audio-encoder-webm-vorbis: bf7c407c2cedff20999df2af8eb42d56 -> 
  custom:framework-win-MediaFoundation: 216162199b28c13a410421893ffa2e32 -> 
  custom:SearchIndexIgnoredProperties: e643bd26f0fe6173181afceb89e7c659 -> 
  custom:container-demuxer-ogg: 62fdf1f143b41e24485cea50d1cbac27 -> 
  custom:video-decoder-webm-vp8: 9c59270c3fd7afecdb556c50c9e8de78 -> 
  custom:audio-decoder-ogg-vorbis: bf7c407c2cedff20999df2af8eb42d56 -> 
========================================================================
Received Import Request.
  Time since last request: 20.154752 seconds.
  path: Assets/Scripts/HPManager.cs
  artifactKey: Guid(e56307276e839a64587faad5ec9efb80) Importer(815301076,1909f56bfc062723c751e8b465ee728b)
Number of updated assets reloaded before import = 0
Start importing Assets/Scripts/HPManager.cs using Guid(e56307276e839a64587faad5ec9efb80) Importer(815301076,1909f56bfc062723c751e8b465ee728b)  -> (artifact id: '33435a2ff2f9fcadd6291809c9a1614e') in 0.010372 seconds 
Number of asset objects unloaded after import = 0
========================================================================
Received Prepare
Registering precompiled user dll's ...
Registered in 0.003458 seconds.
Begin MonoManager ReloadAssembly
Native extension for WindowsStandalone target not found
Refreshing native plugins compatible for Editor in 0.48 ms, found 3 plugins.
Preloading 0 native plugins for Editor in 0.00 ms.
[Package Manager] Server::EnsureServerProcessIsRunning -- launch failed, reason: Unity was launched with the -noUpm command-line argument
[Package Manager] Cannot connect to Unity Package Manager local server
Mono: successfully reloaded assembly
- Completed reload, in  1.177 seconds
Domain Reload Profiling:
	ReloadAssembly (1178ms)
		BeginReloadAssembly (149ms)
			ExecutionOrderSort (0ms)
			DisableScriptedObjects (3ms)
			BackupInstance (0ms)
			ReleaseScriptingObjects (0ms)
			CreateAndSetChildDomain (25ms)
		EndReloadAssembly (946ms)
			LoadAssemblies (119ms)
			RebuildTransferFunctionScriptingTraits (0ms)
			SetupTypeCache (190ms)
			ReleaseScriptCaches (1ms)
			RebuildScriptCaches (24ms)
			SetupLoadedEditorAssemblies (634ms)
				LogAssemblyErrors (0ms)
				InitializePlatformSupportModulesInManaged (5ms)
				SetLoadedEditorAssemblies (0ms)
				RefreshPlugins (1ms)
				BeforeProcessingInitializeOnLoad (40ms)
				ProcessInitializeOnLoadAttributes (562ms)
				ProcessInitializeOnLoadMethodAttributes (15ms)
				AfterProcessingInitializeOnLoad (11ms)
				EditorAssembliesLoaded (0ms)
			ExecutionOrderSort2 (0ms)
			AwakeInstancesAfterBackupRestoration (10ms)
Platform modules already initialized, skipping
Refreshing native plugins compatible for Editor in 0.85 ms, found 3 plugins.
Preloading 0 native plugins for Editor in 0.00 ms.
Unloading 3153 Unused Serialized files (Serialized files now loaded: 0)
Unloading 19 unused Assets / (21.9 KB). Loaded Objects now: 3716.
Memory consumption went from 128.0 MB to 128.0 MB.
Total: 3.312700 ms (FindLiveObjects: 0.277900 ms CreateObjectMapping: 0.196900 ms MarkObjects: 2.797500 ms  DeleteObjects: 0.038800 ms)

AssetImportParameters requested are different than current active one (requested -> active):
  custom:video-decoder-ogg-theora: a1e56fd34408186e4bbccfd4996cb3dc -> 
  custom:container-muxer-webm: aa71ff27fc2769a1b78a27578f13a17b -> 
  custom:container-demuxer-webm: 4f35f7cbe854078d1ac9338744f61a02 -> 
  custom:video-encoder-webm-vp8: eb34c28f22e8b96e1ab97ce403110664 -> 
  custom:video-codec-MediaFoundation-h265: 746d11721c4dcdbdad8f713fa42b33f4 -> 
  custom:CustomObjectIndexerAttribute: bc11b3a6c3213fcdd17b65e7da85e133 -> 
  custom:audio-encoder-webm-vorbis: bf7c407c2cedff20999df2af8eb42d56 -> 
  custom:framework-win-MediaFoundation: 216162199b28c13a410421893ffa2e32 -> 
  custom:SearchIndexIgnoredProperties: e643bd26f0fe6173181afceb89e7c659 -> 
  custom:container-demuxer-ogg: 62fdf1f143b41e24485cea50d1cbac27 -> 
  custom:video-decoder-webm-vp8: 9c59270c3fd7afecdb556c50c9e8de78 -> 
  custom:audio-decoder-ogg-vorbis: bf7c407c2cedff20999df2af8eb42d56 -> 
========================================================================
Received Import Request.
  Time since last request: 4.565486 seconds.
  path: Assets/Scripts/HPManager.cs
  artifactKey: Guid(e56307276e839a64587faad5ec9efb80) Importer(815301076,1909f56bfc062723c751e8b465ee728b)
Number of updated assets reloaded before import = 0
Start importing Assets/Scripts/HPManager.cs using Guid(e56307276e839a64587faad5ec9efb80) Importer(815301076,1909f56bfc062723c751e8b465ee728b)  -> (artifact id: 'ed5e34be3495c0fef84ce6118fcc5788') in 0.010604 seconds 
Number of asset objects unloaded after import = 0
========================================================================
Received Import Request.
  Time since last request: 0.871214 seconds.
  path: Assets/Scripts/HPManager.cs
  artifactKey: Guid(e56307276e839a64587faad5ec9efb80) Importer(815301076,1909f56bfc062723c751e8b465ee728b)
Number of updated assets reloaded before import = 0
Start importing Assets/Scripts/HPManager.cs using Guid(e56307276e839a64587faad5ec9efb80) Importer(815301076,1909f56bfc062723c751e8b465ee728b)  -> (artifact id: 'c938c30cd4074bc6f4ce0a7ad72a242d') in 0.002645 seconds 
Number of asset objects unloaded after import = 0
========================================================================
Received Prepare
Registering precompiled user dll's ...
Registered in 0.003355 seconds.
Begin MonoManager ReloadAssembly
Native extension for WindowsStandalone target not found
Refreshing native plugins compatible for Editor in 0.33 ms, found 3 plugins.
Preloading 0 native plugins for Editor in 0.00 ms.
[Package Manager] Server::EnsureServerProcessIsRunning -- launch failed, reason: Unity was launched with the -noUpm command-line argument
[Package Manager] Cannot connect to Unity Package Manager local server
Mono: successfully reloaded assembly
- Completed reload, in  1.162 seconds
Domain Reload Profiling:
	ReloadAssembly (1162ms)
		BeginReloadAssembly (144ms)
			ExecutionOrderSort (0ms)
			DisableScriptedObjects (3ms)
			BackupInstance (0ms)
			ReleaseScriptingObjects (0ms)
			CreateAndSetChildDomain (23ms)
		EndReloadAssembly (903ms)
			LoadAssemblies (113ms)
			RebuildTransferFunctionScriptingTraits (0ms)
			SetupTypeCache (198ms)
			ReleaseScriptCaches (1ms)
			RebuildScriptCaches (25ms)
			SetupLoadedEditorAssemblies (591ms)
				LogAssemblyErrors (0ms)
				InitializePlatformSupportModulesInManaged (5ms)
				SetLoadedEditorAssemblies (0ms)
				RefreshPlugins (0ms)
				BeforeProcessingInitializeOnLoad (34ms)
				ProcessInitializeOnLoadAttributes (529ms)
				ProcessInitializeOnLoadMethodAttributes (13ms)
				AfterProcessingInitializeOnLoad (10ms)
				EditorAssembliesLoaded (0ms)
			ExecutionOrderSort2 (0ms)
			AwakeInstancesAfterBackupRestoration (7ms)
Platform modules already initialized, skipping
Refreshing native plugins compatible for Editor in 0.52 ms, found 3 plugins.
Preloading 0 native plugins for Editor in 0.00 ms.
Unloading 3153 Unused Serialized files (Serialized files now loaded: 0)
Unloading 19 unused Assets / (22.0 KB). Loaded Objects now: 3719.
Memory consumption went from 128.0 MB to 128.0 MB.
Total: 2.780400 ms (FindLiveObjects: 0.229400 ms CreateObjectMapping: 0.117500 ms MarkObjects: 2.407400 ms  DeleteObjects: 0.025300 ms)

AssetImportParameters requested are different than current active one (requested -> active):
  custom:video-decoder-ogg-theora: a1e56fd34408186e4bbccfd4996cb3dc -> 
  custom:container-muxer-webm: aa71ff27fc2769a1b78a27578f13a17b -> 
  custom:container-demuxer-webm: 4f35f7cbe854078d1ac9338744f61a02 -> 
  custom:video-encoder-webm-vp8: eb34c28f22e8b96e1ab97ce403110664 -> 
  custom:video-codec-MediaFoundation-h265: 746d11721c4dcdbdad8f713fa42b33f4 -> 
  custom:CustomObjectIndexerAttribute: bc11b3a6c3213fcdd17b65e7da85e133 -> 
  custom:audio-encoder-webm-vorbis: bf7c407c2cedff20999df2af8eb42d56 -> 
  custom:framework-win-MediaFoundation: 216162199b28c13a410421893ffa2e32 -> 
  custom:SearchIndexIgnoredProperties: e643bd26f0fe6173181afceb89e7c659 -> 
  custom:container-demuxer-ogg: 62fdf1f143b41e24485cea50d1cbac27 -> 
  custom:video-decoder-webm-vp8: 9c59270c3fd7afecdb556c50c9e8de78 -> 
  custom:audio-decoder-ogg-vorbis: bf7c407c2cedff20999df2af8eb42d56 -> 
========================================================================
Received Import Request.
  Time since last request: 11.984354 seconds.
  path: Assets/Scripts/HPManager.cs
  artifactKey: Guid(e56307276e839a64587faad5ec9efb80) Importer(815301076,1909f56bfc062723c751e8b465ee728b)
Number of updated assets reloaded before import = 0
Start importing Assets/Scripts/HPManager.cs using Guid(e56307276e839a64587faad5ec9efb80) Importer(815301076,1909f56bfc062723c751e8b465ee728b)  -> (artifact id: '3040396f64a44458a23dfa17fb19e40f') in 0.006281 seconds 
Number of asset objects unloaded after import = 0
========================================================================
Received Prepare
Registering precompiled user dll's ...
Registered in 0.003494 seconds.
Begin MonoManager ReloadAssembly
Native extension for WindowsStandalone target not found
Refreshing native plugins compatible for Editor in 0.45 ms, found 3 plugins.
Preloading 0 native plugins for Editor in 0.00 ms.
[Package Manager] Server::EnsureServerProcessIsRunning -- launch failed, reason: Unity was launched with the -noUpm command-line argument
[Package Manager] Cannot connect to Unity Package Manager local server
Mono: successfully reloaded assembly
- Completed reload, in  1.174 seconds
Domain Reload Profiling:
	ReloadAssembly (1175ms)
		BeginReloadAssembly (137ms)
			ExecutionOrderSort (0ms)
			DisableScriptedObjects (3ms)
			BackupInstance (0ms)
			ReleaseScriptingObjects (0ms)
			CreateAndSetChildDomain (24ms)
		EndReloadAssembly (948ms)
			LoadAssemblies (106ms)
			RebuildTransferFunctionScriptingTraits (0ms)
			SetupTypeCache (197ms)
			ReleaseScriptCaches (1ms)
			RebuildScriptCaches (27ms)
			SetupLoadedEditorAssemblies (629ms)
				LogAssemblyErrors (0ms)
				InitializePlatformSupportModulesInManaged (6ms)
				SetLoadedEditorAssemblies (0ms)
				RefreshPlugins (1ms)
				BeforeProcessingInitializeOnLoad (58ms)
				ProcessInitializeOnLoadAttributes (543ms)
				ProcessInitializeOnLoadMethodAttributes (13ms)
				AfterProcessingInitializeOnLoad (8ms)
				EditorAssembliesLoaded (0ms)
			ExecutionOrderSort2 (0ms)
			AwakeInstancesAfterBackupRestoration (8ms)
Platform modules already initialized, skipping
Refreshing native plugins compatible for Editor in 0.54 ms, found 3 plugins.
Preloading 0 native plugins for Editor in 0.00 ms.
Unloading 3153 Unused Serialized files (Serialized files now loaded: 0)
Unloading 19 unused Assets / (21.9 KB). Loaded Objects now: 3722.
Memory consumption went from 128.0 MB to 128.0 MB.
Total: 3.232800 ms (FindLiveObjects: 0.328300 ms CreateObjectMapping: 0.186600 ms MarkObjects: 2.684200 ms  DeleteObjects: 0.032600 ms)

AssetImportParameters requested are different than current active one (requested -> active):
  custom:video-decoder-ogg-theora: a1e56fd34408186e4bbccfd4996cb3dc -> 
  custom:container-muxer-webm: aa71ff27fc2769a1b78a27578f13a17b -> 
  custom:container-demuxer-webm: 4f35f7cbe854078d1ac9338744f61a02 -> 
  custom:video-encoder-webm-vp8: eb34c28f22e8b96e1ab97ce403110664 -> 
  custom:video-codec-MediaFoundation-h265: 746d11721c4dcdbdad8f713fa42b33f4 -> 
  custom:CustomObjectIndexerAttribute: bc11b3a6c3213fcdd17b65e7da85e133 -> 
  custom:audio-encoder-webm-vorbis: bf7c407c2cedff20999df2af8eb42d56 -> 
  custom:framework-win-MediaFoundation: 216162199b28c13a410421893ffa2e32 -> 
  custom:SearchIndexIgnoredProperties: e643bd26f0fe6173181afceb89e7c659 -> 
  custom:container-demuxer-ogg: 62fdf1f143b41e24485cea50d1cbac27 -> 
  custom:video-decoder-webm-vp8: 9c59270c3fd7afecdb556c50c9e8de78 -> 
  custom:audio-decoder-ogg-vorbis: bf7c407c2cedff20999df2af8eb42d56 -> 
========================================================================
Received Import Request.
  Time since last request: 57.248034 seconds.
  path: Assets/Scripts/HPManager.cs
  artifactKey: Guid(e56307276e839a64587faad5ec9efb80) Importer(815301076,1909f56bfc062723c751e8b465ee728b)
Number of updated assets reloaded before import = 0
Start importing Assets/Scripts/HPManager.cs using Guid(e56307276e839a64587faad5ec9efb80) Importer(815301076,1909f56bfc062723c751e8b465ee728b)  -> (artifact id: '034e2341bed55ab9c5d25a81088d2c72') in 0.007040 seconds 
Number of asset objects unloaded after import = 0
========================================================================
Received Prepare
Registering precompiled user dll's ...
Registered in 0.003522 seconds.
Begin MonoManager ReloadAssembly
Native extension for WindowsStandalone target not found
Refreshing native plugins compatible for Editor in 0.54 ms, found 3 plugins.
Preloading 0 native plugins for Editor in 0.00 ms.
[Package Manager] Server::EnsureServerProcessIsRunning -- launch failed, reason: Unity was launched with the -noUpm command-line argument
[Package Manager] Cannot connect to Unity Package Manager local server
Mono: successfully reloaded assembly
- Completed reload, in  1.195 seconds
Domain Reload Profiling:
	ReloadAssembly (1196ms)
		BeginReloadAssembly (139ms)
			ExecutionOrderSort (0ms)
			DisableScriptedObjects (3ms)
			BackupInstance (0ms)
			ReleaseScriptingObjects (0ms)
			CreateAndSetChildDomain (27ms)
		EndReloadAssembly (975ms)
			LoadAssemblies (99ms)
			RebuildTransferFunctionScriptingTraits (0ms)
			SetupTypeCache (194ms)
			ReleaseScriptCaches (1ms)
			RebuildScriptCaches (28ms)
			SetupLoadedEditorAssemblies (638ms)
				LogAssemblyErrors (0ms)
				InitializePlatformSupportModulesInManaged (6ms)
				SetLoadedEditorAssemblies (0ms)
				RefreshPlugins (1ms)
				BeforeProcessingInitializeOnLoad (42ms)
				ProcessInitializeOnLoadAttributes (566ms)
				ProcessInitializeOnLoadMethodAttributes (13ms)
				AfterProcessingInitializeOnLoad (9ms)
				EditorAssembliesLoaded (0ms)
			ExecutionOrderSort2 (0ms)
			AwakeInstancesAfterBackupRestoration (8ms)
Platform modules already initialized, skipping
Refreshing native plugins compatible for Editor in 0.53 ms, found 3 plugins.
Preloading 0 native plugins for Editor in 0.00 ms.
Unloading 3153 Unused Serialized files (Serialized files now loaded: 0)
Unloading 19 unused Assets / (22.0 KB). Loaded Objects now: 3725.
Memory consumption went from 128.0 MB to 128.0 MB.
Total: 2.841000 ms (FindLiveObjects: 0.233100 ms CreateObjectMapping: 0.141300 ms MarkObjects: 2.436300 ms  DeleteObjects: 0.029300 ms)

AssetImportParameters requested are different than current active one (requested -> active):
  custom:video-decoder-ogg-theora: a1e56fd34408186e4bbccfd4996cb3dc -> 
  custom:container-muxer-webm: aa71ff27fc2769a1b78a27578f13a17b -> 
  custom:container-demuxer-webm: 4f35f7cbe854078d1ac9338744f61a02 -> 
  custom:video-encoder-webm-vp8: eb34c28f22e8b96e1ab97ce403110664 -> 
  custom:video-codec-MediaFoundation-h265: 746d11721c4dcdbdad8f713fa42b33f4 -> 
  custom:CustomObjectIndexerAttribute: bc11b3a6c3213fcdd17b65e7da85e133 -> 
  custom:audio-encoder-webm-vorbis: bf7c407c2cedff20999df2af8eb42d56 -> 
  custom:framework-win-MediaFoundation: 216162199b28c13a410421893ffa2e32 -> 
  custom:SearchIndexIgnoredProperties: e643bd26f0fe6173181afceb89e7c659 -> 
  custom:container-demuxer-ogg: 62fdf1f143b41e24485cea50d1cbac27 -> 
  custom:video-decoder-webm-vp8: 9c59270c3fd7afecdb556c50c9e8de78 -> 
  custom:audio-decoder-ogg-vorbis: bf7c407c2cedff20999df2af8eb42d56 -> 
========================================================================
Received Import Request.
  Time since last request: 4.765452 seconds.
  path: Assets/Scripts/HPManager.cs
  artifactKey: Guid(e56307276e839a64587faad5ec9efb80) Importer(815301076,1909f56bfc062723c751e8b465ee728b)
Number of updated assets reloaded before import = 0
Start importing Assets/Scripts/HPManager.cs using Guid(e56307276e839a64587faad5ec9efb80) Importer(815301076,1909f56bfc062723c751e8b465ee728b)  -> (artifact id: 'ab03d84bdbd16b1c2d8b03a0e3e6588c') in 0.009734 seconds 
Number of asset objects unloaded after import = 0
========================================================================
Received Import Request.
  Time since last request: 5.623145 seconds.
  path: Assets/Scripts/HPManager.cs
  artifactKey: Guid(e56307276e839a64587faad5ec9efb80) Importer(815301076,1909f56bfc062723c751e8b465ee728b)
Number of updated assets reloaded before import = 0
Start importing Assets/Scripts/HPManager.cs using Guid(e56307276e839a64587faad5ec9efb80) Importer(815301076,1909f56bfc062723c751e8b465ee728b)  -> (artifact id: 'bfe4cfe6b3b89735deb25cc71587ce70') in 0.003052 seconds 
Number of asset objects unloaded after import = 0
========================================================================
Received Import Request.
  Time since last request: 11.193758 seconds.
  path: Assets/Scripts/HPManager.cs
  artifactKey: Guid(e56307276e839a64587faad5ec9efb80) Importer(815301076,1909f56bfc062723c751e8b465ee728b)
Number of updated assets reloaded before import = 0
Start importing Assets/Scripts/HPManager.cs using Guid(e56307276e839a64587faad5ec9efb80) Importer(815301076,1909f56bfc062723c751e8b465ee728b)  -> (artifact id: 'aa9108d7a66057e3876c738d4006735e') in 0.002461 seconds 
Number of asset objects unloaded after import = 0
========================================================================
Received Prepare
Registering precompiled user dll's ...
Registered in 0.003816 seconds.
Begin MonoManager ReloadAssembly
Native extension for WindowsStandalone target not found
Refreshing native plugins compatible for Editor in 0.53 ms, found 3 plugins.
Preloading 0 native plugins for Editor in 0.00 ms.
[Package Manager] Server::EnsureServerProcessIsRunning -- launch failed, reason: Unity was launched with the -noUpm command-line argument
[Package Manager] Cannot connect to Unity Package Manager local server
Mono: successfully reloaded assembly
- Completed reload, in  1.196 seconds
Domain Reload Profiling:
	ReloadAssembly (1196ms)
		BeginReloadAssembly (138ms)
			ExecutionOrderSort (0ms)
			DisableScriptedObjects (3ms)
			BackupInstance (0ms)
			ReleaseScriptingObjects (0ms)
			CreateAndSetChildDomain (25ms)
		EndReloadAssembly (974ms)
			LoadAssemblies (103ms)
			RebuildTransferFunctionScriptingTraits (0ms)
			SetupTypeCache (200ms)
			ReleaseScriptCaches (1ms)
			RebuildScriptCaches (31ms)
			SetupLoadedEditorAssemblies (627ms)
				LogAssemblyErrors (0ms)
				InitializePlatformSupportModulesInManaged (8ms)
				SetLoadedEditorAssemblies (1ms)
				RefreshPlugins (1ms)
				BeforeProcessingInitializeOnLoad (48ms)
				ProcessInitializeOnLoadAttributes (546ms)
				ProcessInitializeOnLoadMethodAttributes (14ms)
				AfterProcessingInitializeOnLoad (10ms)
				EditorAssembliesLoaded (0ms)
			ExecutionOrderSort2 (0ms)
			AwakeInstancesAfterBackupRestoration (10ms)
Platform modules already initialized, skipping
Refreshing native plugins compatible for Editor in 0.58 ms, found 3 plugins.
Preloading 0 native plugins for Editor in 0.00 ms.
Unloading 3153 Unused Serialized files (Serialized files now loaded: 0)
Unloading 19 unused Assets / (21.9 KB). Loaded Objects now: 3728.
Memory consumption went from 128.1 MB to 128.0 MB.
Total: 3.042900 ms (FindLiveObjects: 0.230100 ms CreateObjectMapping: 0.137700 ms MarkObjects: 2.645400 ms  DeleteObjects: 0.028500 ms)

AssetImportParameters requested are different than current active one (requested -> active):
  custom:video-decoder-ogg-theora: a1e56fd34408186e4bbccfd4996cb3dc -> 
  custom:container-muxer-webm: aa71ff27fc2769a1b78a27578f13a17b -> 
  custom:container-demuxer-webm: 4f35f7cbe854078d1ac9338744f61a02 -> 
  custom:video-encoder-webm-vp8: eb34c28f22e8b96e1ab97ce403110664 -> 
  custom:video-codec-MediaFoundation-h265: 746d11721c4dcdbdad8f713fa42b33f4 -> 
  custom:CustomObjectIndexerAttribute: bc11b3a6c3213fcdd17b65e7da85e133 -> 
  custom:audio-encoder-webm-vorbis: bf7c407c2cedff20999df2af8eb42d56 -> 
  custom:framework-win-MediaFoundation: 216162199b28c13a410421893ffa2e32 -> 
  custom:SearchIndexIgnoredProperties: e643bd26f0fe6173181afceb89e7c659 -> 
  custom:container-demuxer-ogg: 62fdf1f143b41e24485cea50d1cbac27 -> 
  custom:video-decoder-webm-vp8: 9c59270c3fd7afecdb556c50c9e8de78 -> 
  custom:audio-decoder-ogg-vorbis: bf7c407c2cedff20999df2af8eb42d56 -> 
========================================================================
Received Import Request.
  Time since last request: 64.409155 seconds.
  path: Assets/Scripts/HPManager.cs
  artifactKey: Guid(e56307276e839a64587faad5ec9efb80) Importer(815301076,1909f56bfc062723c751e8b465ee728b)
Number of updated assets reloaded before import = 0
Start importing Assets/Scripts/HPManager.cs using Guid(e56307276e839a64587faad5ec9efb80) Importer(815301076,1909f56bfc062723c751e8b465ee728b)  -> (artifact id: 'c596f4aa7a32a51e9abe9c7b3b1ad490') in 0.007369 seconds 
Number of asset objects unloaded after import = 0
========================================================================
Received Prepare
Registering precompiled user dll's ...
Registered in 0.003956 seconds.
Begin MonoManager ReloadAssembly
Native extension for WindowsStandalone target not found
Refreshing native plugins compatible for Editor in 0.52 ms, found 3 plugins.
Preloading 0 native plugins for Editor in 0.00 ms.
[Package Manager] Server::EnsureServerProcessIsRunning -- launch failed, reason: Unity was launched with the -noUpm command-line argument
[Package Manager] Cannot connect to Unity Package Manager local server
Mono: successfully reloaded assembly
- Completed reload, in  1.216 seconds
Domain Reload Profiling:
	ReloadAssembly (1216ms)
		BeginReloadAssembly (157ms)
			ExecutionOrderSort (0ms)
			DisableScriptedObjects (3ms)
			BackupInstance (0ms)
			ReleaseScriptingObjects (0ms)
			CreateAndSetChildDomain (28ms)
		EndReloadAssembly (967ms)
			LoadAssemblies (113ms)
			RebuildTransferFunctionScriptingTraits (0ms)
			SetupTypeCache (193ms)
			ReleaseScriptCaches (1ms)
			RebuildScriptCaches (29ms)
			SetupLoadedEditorAssemblies (632ms)
				LogAssemblyErrors (0ms)
				InitializePlatformSupportModulesInManaged (8ms)
				SetLoadedEditorAssemblies (1ms)
				RefreshPlugins (1ms)
				BeforeProcessingInitializeOnLoad (41ms)
				ProcessInitializeOnLoadAttributes (558ms)
				ProcessInitializeOnLoadMethodAttributes (14ms)
				AfterProcessingInitializeOnLoad (10ms)
				EditorAssembliesLoaded (0ms)
			ExecutionOrderSort2 (0ms)
			AwakeInstancesAfterBackupRestoration (8ms)
Platform modules already initialized, skipping
Refreshing native plugins compatible for Editor in 0.54 ms, found 3 plugins.
Preloading 0 native plugins for Editor in 0.00 ms.
Unloading 3153 Unused Serialized files (Serialized files now loaded: 0)
Unloading 19 unused Assets / (22.0 KB). Loaded Objects now: 3731.
Memory consumption went from 128.1 MB to 128.0 MB.
Total: 3.059500 ms (FindLiveObjects: 0.273100 ms CreateObjectMapping: 0.158100 ms MarkObjects: 2.597400 ms  DeleteObjects: 0.029500 ms)

AssetImportParameters requested are different than current active one (requested -> active):
  custom:video-decoder-ogg-theora: a1e56fd34408186e4bbccfd4996cb3dc -> 
  custom:container-muxer-webm: aa71ff27fc2769a1b78a27578f13a17b -> 
  custom:container-demuxer-webm: 4f35f7cbe854078d1ac9338744f61a02 -> 
  custom:video-encoder-webm-vp8: eb34c28f22e8b96e1ab97ce403110664 -> 
  custom:video-codec-MediaFoundation-h265: 746d11721c4dcdbdad8f713fa42b33f4 -> 
  custom:CustomObjectIndexerAttribute: bc11b3a6c3213fcdd17b65e7da85e133 -> 
  custom:audio-encoder-webm-vorbis: bf7c407c2cedff20999df2af8eb42d56 -> 
  custom:framework-win-MediaFoundation: 216162199b28c13a410421893ffa2e32 -> 
  custom:SearchIndexIgnoredProperties: e643bd26f0fe6173181afceb89e7c659 -> 
  custom:container-demuxer-ogg: 62fdf1f143b41e24485cea50d1cbac27 -> 
  custom:video-decoder-webm-vp8: 9c59270c3fd7afecdb556c50c9e8de78 -> 
  custom:audio-decoder-ogg-vorbis: bf7c407c2cedff20999df2af8eb42d56 -> 
========================================================================
Received Import Request.
  Time since last request: 4.637884 seconds.
  path: Assets/Scripts/HPManager.cs
  artifactKey: Guid(e56307276e839a64587faad5ec9efb80) Importer(815301076,1909f56bfc062723c751e8b465ee728b)
Number of updated assets reloaded before import = 0
Start importing Assets/Scripts/HPManager.cs using Guid(e56307276e839a64587faad5ec9efb80) Importer(815301076,1909f56bfc062723c751e8b465ee728b)  -> (artifact id: 'e148e53a84e603b9e4eb4c04b68951b0') in 0.010009 seconds 
Number of asset objects unloaded after import = 0
========================================================================
Received Prepare
Registering precompiled user dll's ...
Registered in 0.003678 seconds.
Begin MonoManager ReloadAssembly
Native extension for WindowsStandalone target not found
Refreshing native plugins compatible for Editor in 0.42 ms, found 3 plugins.
Preloading 0 native plugins for Editor in 0.00 ms.
[Package Manager] Server::EnsureServerProcessIsRunning -- launch failed, reason: Unity was launched with the -noUpm command-line argument
[Package Manager] Cannot connect to Unity Package Manager local server
Mono: successfully reloaded assembly
- Completed reload, in  1.207 seconds
Domain Reload Profiling:
	ReloadAssembly (1207ms)
		BeginReloadAssembly (137ms)
			ExecutionOrderSort (0ms)
			DisableScriptedObjects (3ms)
			BackupInstance (0ms)
			ReleaseScriptingObjects (0ms)
			CreateAndSetChildDomain (24ms)
		EndReloadAssembly (991ms)
			LoadAssemblies (100ms)
			RebuildTransferFunctionScriptingTraits (0ms)
			SetupTypeCache (200ms)
			ReleaseScriptCaches (1ms)
			RebuildScriptCaches (31ms)
			SetupLoadedEditorAssemblies (663ms)
				LogAssemblyErrors (0ms)
				InitializePlatformSupportModulesInManaged (6ms)
				SetLoadedEditorAssemblies (1ms)
				RefreshPlugins (0ms)
				BeforeProcessingInitializeOnLoad (43ms)
				ProcessInitializeOnLoadAttributes (585ms)
				ProcessInitializeOnLoadMethodAttributes (17ms)
				AfterProcessingInitializeOnLoad (11ms)
				EditorAssembliesLoaded (0ms)
			ExecutionOrderSort2 (0ms)
			AwakeInstancesAfterBackupRestoration (11ms)
Platform modules already initialized, skipping
Refreshing native plugins compatible for Editor in 0.53 ms, found 3 plugins.
Preloading 0 native plugins for Editor in 0.00 ms.
Unloading 3153 Unused Serialized files (Serialized files now loaded: 0)
Unloading 19 unused Assets / (22.0 KB). Loaded Objects now: 3734.
Memory consumption went from 128.1 MB to 128.0 MB.
Total: 3.458300 ms (FindLiveObjects: 0.253300 ms CreateObjectMapping: 0.161800 ms MarkObjects: 3.003800 ms  DeleteObjects: 0.038100 ms)

AssetImportParameters requested are different than current active one (requested -> active):
  custom:video-decoder-ogg-theora: a1e56fd34408186e4bbccfd4996cb3dc -> 
  custom:container-muxer-webm: aa71ff27fc2769a1b78a27578f13a17b -> 
  custom:container-demuxer-webm: 4f35f7cbe854078d1ac9338744f61a02 -> 
  custom:video-encoder-webm-vp8: eb34c28f22e8b96e1ab97ce403110664 -> 
  custom:video-codec-MediaFoundation-h265: 746d11721c4dcdbdad8f713fa42b33f4 -> 
  custom:CustomObjectIndexerAttribute: bc11b3a6c3213fcdd17b65e7da85e133 -> 
  custom:audio-encoder-webm-vorbis: bf7c407c2cedff20999df2af8eb42d56 -> 
  custom:framework-win-MediaFoundation: 216162199b28c13a410421893ffa2e32 -> 
  custom:SearchIndexIgnoredProperties: e643bd26f0fe6173181afceb89e7c659 -> 
  custom:container-demuxer-ogg: 62fdf1f143b41e24485cea50d1cbac27 -> 
  custom:video-decoder-webm-vp8: 9c59270c3fd7afecdb556c50c9e8de78 -> 
  custom:audio-decoder-ogg-vorbis: bf7c407c2cedff20999df2af8eb42d56 -> 
========================================================================
Received Prepare
Registering precompiled user dll's ...
Registered in 0.004187 seconds.
Begin MonoManager ReloadAssembly
Native extension for WindowsStandalone target not found
Refreshing native plugins compatible for Editor in 0.71 ms, found 3 plugins.
Preloading 0 native plugins for Editor in 0.00 ms.
[Package Manager] Server::EnsureServerProcessIsRunning -- launch failed, reason: Unity was launched with the -noUpm command-line argument
[Package Manager] Cannot connect to Unity Package Manager local server
Mono: successfully reloaded assembly
- Completed reload, in  1.181 seconds
Domain Reload Profiling:
	ReloadAssembly (1182ms)
		BeginReloadAssembly (134ms)
			ExecutionOrderSort (0ms)
			DisableScriptedObjects (3ms)
			BackupInstance (0ms)
			ReleaseScriptingObjects (0ms)
			CreateAndSetChildDomain (22ms)
		EndReloadAssembly (971ms)
			LoadAssemblies (99ms)
			RebuildTransferFunctionScriptingTraits (0ms)
			SetupTypeCache (193ms)
			ReleaseScriptCaches (1ms)
			RebuildScriptCaches (33ms)
			SetupLoadedEditorAssemblies (648ms)
				LogAssemblyErrors (0ms)
				InitializePlatformSupportModulesInManaged (7ms)
				SetLoadedEditorAssemblies (0ms)
				RefreshPlugins (1ms)
				BeforeProcessingInitializeOnLoad (44ms)
				ProcessInitializeOnLoadAttributes (566ms)
				ProcessInitializeOnLoadMethodAttributes (17ms)
				AfterProcessingInitializeOnLoad (12ms)
				EditorAssembliesLoaded (0ms)
			ExecutionOrderSort2 (0ms)
			AwakeInstancesAfterBackupRestoration (10ms)
Platform modules already initialized, skipping
Refreshing native plugins compatible for Editor in 0.61 ms, found 3 plugins.
Preloading 0 native plugins for Editor in 0.00 ms.
Unloading 3153 Unused Serialized files (Serialized files now loaded: 0)
Unloading 19 unused Assets / (21.9 KB). Loaded Objects now: 3737.
Memory consumption went from 128.1 MB to 128.1 MB.
Total: 3.242000 ms (FindLiveObjects: 0.236800 ms CreateObjectMapping: 0.180900 ms MarkObjects: 2.792500 ms  DeleteObjects: 0.030800 ms)

AssetImportParameters requested are different than current active one (requested -> active):
  custom:video-decoder-ogg-theora: a1e56fd34408186e4bbccfd4996cb3dc -> 
  custom:container-muxer-webm: aa71ff27fc2769a1b78a27578f13a17b -> 
  custom:container-demuxer-webm: 4f35f7cbe854078d1ac9338744f61a02 -> 
  custom:video-encoder-webm-vp8: eb34c28f22e8b96e1ab97ce403110664 -> 
  custom:video-codec-MediaFoundation-h265: 746d11721c4dcdbdad8f713fa42b33f4 -> 
  custom:CustomObjectIndexerAttribute: bc11b3a6c3213fcdd17b65e7da85e133 -> 
  custom:audio-encoder-webm-vorbis: bf7c407c2cedff20999df2af8eb42d56 -> 
  custom:framework-win-MediaFoundation: 216162199b28c13a410421893ffa2e32 -> 
  custom:SearchIndexIgnoredProperties: e643bd26f0fe6173181afceb89e7c659 -> 
  custom:container-demuxer-ogg: 62fdf1f143b41e24485cea50d1cbac27 -> 
  custom:video-decoder-webm-vp8: 9c59270c3fd7afecdb556c50c9e8de78 -> 
  custom:audio-decoder-ogg-vorbis: bf7c407c2cedff20999df2af8eb42d56 -> 
========================================================================
Received Import Request.
  Time since last request: 241.472629 seconds.
  path: ProjectSettings/TagManager.asset
  artifactKey: Guid(00000000000000003000000000000000) Importer(815301076,1909f56bfc062723c751e8b465ee728b)
Number of updated assets reloaded before import = 0
Start importing ProjectSettings/TagManager.asset using Guid(00000000000000003000000000000000) Importer(815301076,1909f56bfc062723c751e8b465ee728b)  -> (artifact id: 'b290153d51fd3ea99e432ab94fc20667') in 0.018349 seconds 
Number of asset objects unloaded after import = 0
========================================================================
Received Prepare
Registering precompiled user dll's ...
Registered in 0.003463 seconds.
Begin MonoManager ReloadAssembly
Native extension for WindowsStandalone target not found
Refreshing native plugins compatible for Editor in 0.40 ms, found 3 plugins.
Preloading 0 native plugins for Editor in 0.00 ms.
[Package Manager] Server::EnsureServerProcessIsRunning -- launch failed, reason: Unity was launched with the -noUpm command-line argument
[Package Manager] Cannot connect to Unity Package Manager local server
Mono: successfully reloaded assembly
- Completed reload, in  1.209 seconds
Domain Reload Profiling:
	ReloadAssembly (1210ms)
		BeginReloadAssembly (131ms)
			ExecutionOrderSort (0ms)
			DisableScriptedObjects (3ms)
			BackupInstance (0ms)
			ReleaseScriptingObjects (0ms)
			CreateAndSetChildDomain (25ms)
		EndReloadAssembly (1002ms)
			LoadAssemblies (100ms)
			RebuildTransferFunctionScriptingTraits (0ms)
			SetupTypeCache (195ms)
			ReleaseScriptCaches (1ms)
			RebuildScriptCaches (31ms)
			SetupLoadedEditorAssemblies (673ms)
				LogAssemblyErrors (0ms)
				InitializePlatformSupportModulesInManaged (6ms)
				SetLoadedEditorAssemblies (0ms)
				RefreshPlugins (0ms)
				BeforeProcessingInitializeOnLoad (45ms)
				ProcessInitializeOnLoadAttributes (592ms)
				ProcessInitializeOnLoadMethodAttributes (17ms)
				AfterProcessingInitializeOnLoad (12ms)
				EditorAssembliesLoaded (0ms)
			ExecutionOrderSort2 (0ms)
			AwakeInstancesAfterBackupRestoration (10ms)
Platform modules already initialized, skipping
Refreshing native plugins compatible for Editor in 0.59 ms, found 3 plugins.
Preloading 0 native plugins for Editor in 0.00 ms.
Unloading 3153 Unused Serialized files (Serialized files now loaded: 0)
Unloading 20 unused Assets / (22.0 KB). Loaded Objects now: 3740.
Memory consumption went from 128.1 MB to 128.1 MB.
Total: 3.151700 ms (FindLiveObjects: 0.236600 ms CreateObjectMapping: 0.143000 ms MarkObjects: 2.736300 ms  DeleteObjects: 0.034700 ms)

AssetImportParameters requested are different than current active one (requested -> active):
  custom:video-decoder-ogg-theora: a1e56fd34408186e4bbccfd4996cb3dc -> 
  custom:container-muxer-webm: aa71ff27fc2769a1b78a27578f13a17b -> 
  custom:container-demuxer-webm: 4f35f7cbe854078d1ac9338744f61a02 -> 
  custom:video-encoder-webm-vp8: eb34c28f22e8b96e1ab97ce403110664 -> 
  custom:video-codec-MediaFoundation-h265: 746d11721c4dcdbdad8f713fa42b33f4 -> 
  custom:CustomObjectIndexerAttribute: bc11b3a6c3213fcdd17b65e7da85e133 -> 
  custom:audio-encoder-webm-vorbis: bf7c407c2cedff20999df2af8eb42d56 -> 
  custom:framework-win-MediaFoundation: 216162199b28c13a410421893ffa2e32 -> 
  custom:SearchIndexIgnoredProperties: e643bd26f0fe6173181afceb89e7c659 -> 
  custom:container-demuxer-ogg: 62fdf1f143b41e24485cea50d1cbac27 -> 
  custom:video-decoder-webm-vp8: 9c59270c3fd7afecdb556c50c9e8de78 -> 
  custom:audio-decoder-ogg-vorbis: bf7c407c2cedff20999df2af8eb42d56 -> 
========================================================================
Received Prepare
Registering precompiled user dll's ...
Registered in 0.004217 seconds.
Begin MonoManager ReloadAssembly
Native extension for WindowsStandalone target not found
Refreshing native plugins compatible for Editor in 0.40 ms, found 3 plugins.
Preloading 0 native plugins for Editor in 0.00 ms.
[Package Manager] Server::EnsureServerProcessIsRunning -- launch failed, reason: Unity was launched with the -noUpm command-line argument
[Package Manager] Cannot connect to Unity Package Manager local server
Mono: successfully reloaded assembly
- Completed reload, in  1.191 seconds
Domain Reload Profiling:
	ReloadAssembly (1192ms)
		BeginReloadAssembly (134ms)
			ExecutionOrderSort (0ms)
			DisableScriptedObjects (3ms)
			BackupInstance (0ms)
			ReleaseScriptingObjects (0ms)
			CreateAndSetChildDomain (25ms)
		EndReloadAssembly (983ms)
			LoadAssemblies (95ms)
			RebuildTransferFunctionScriptingTraits (0ms)
			SetupTypeCache (184ms)
			ReleaseScriptCaches (1ms)
			RebuildScriptCaches (32ms)
			SetupLoadedEditorAssemblies (664ms)
				LogAssemblyErrors (0ms)
				InitializePlatformSupportModulesInManaged (7ms)
				SetLoadedEditorAssemblies (0ms)
				RefreshPlugins (0ms)
				BeforeProcessingInitializeOnLoad (44ms)
				ProcessInitializeOnLoadAttributes (585ms)
				ProcessInitializeOnLoadMethodAttributes (17ms)
				AfterProcessingInitializeOnLoad (11ms)
				EditorAssembliesLoaded (0ms)
			ExecutionOrderSort2 (0ms)
			AwakeInstancesAfterBackupRestoration (10ms)
Platform modules already initialized, skipping
Refreshing native plugins compatible for Editor in 0.61 ms, found 3 plugins.
Preloading 0 native plugins for Editor in 0.00 ms.
Unloading 3153 Unused Serialized files (Serialized files now loaded: 0)
Unloading 19 unused Assets / (22.0 KB). Loaded Objects now: 3743.
Memory consumption went from 128.1 MB to 128.1 MB.
Total: 3.148000 ms (FindLiveObjects: 0.250000 ms CreateObjectMapping: 0.166700 ms MarkObjects: 2.698300 ms  DeleteObjects: 0.030900 ms)

AssetImportParameters requested are different than current active one (requested -> active):
  custom:video-decoder-ogg-theora: a1e56fd34408186e4bbccfd4996cb3dc -> 
  custom:container-muxer-webm: aa71ff27fc2769a1b78a27578f13a17b -> 
  custom:container-demuxer-webm: 4f35f7cbe854078d1ac9338744f61a02 -> 
  custom:video-encoder-webm-vp8: eb34c28f22e8b96e1ab97ce403110664 -> 
  custom:video-codec-MediaFoundation-h265: 746d11721c4dcdbdad8f713fa42b33f4 -> 
  custom:CustomObjectIndexerAttribute: bc11b3a6c3213fcdd17b65e7da85e133 -> 
  custom:audio-encoder-webm-vorbis: bf7c407c2cedff20999df2af8eb42d56 -> 
  custom:framework-win-MediaFoundation: 216162199b28c13a410421893ffa2e32 -> 
  custom:SearchIndexIgnoredProperties: e643bd26f0fe6173181afceb89e7c659 -> 
  custom:container-demuxer-ogg: 62fdf1f143b41e24485cea50d1cbac27 -> 
  custom:video-decoder-webm-vp8: 9c59270c3fd7afecdb556c50c9e8de78 -> 
  custom:audio-decoder-ogg-vorbis: bf7c407c2cedff20999df2af8eb42d56 -> 
========================================================================
Received Import Request.
  Time since last request: 190.088678 seconds.
  path: Assets/MyAssets/LittleFriends-CartoonAnimals-Lite/Animations/LittleCat_DemoCake.controller
  artifactKey: Guid(5e111e9c83596844fa8d97af8fe6f936) Importer(815301076,1909f56bfc062723c751e8b465ee728b)
Number of updated assets reloaded before import = 0
Start importing Assets/MyAssets/LittleFriends-CartoonAnimals-Lite/Animations/LittleCat_DemoCake.controller using Guid(5e111e9c83596844fa8d97af8fe6f936) Importer(815301076,1909f56bfc062723c751e8b465ee728b)  -> (artifact id: '8535c8dc8487d46310492078794c8464') in 0.043373 seconds 
Number of asset objects unloaded after import = 22
========================================================================
Received Import Request.
  Time since last request: 2.899758 seconds.
  path: Assets/MyAssets/LittleFriends-CartoonAnimals-Lite/Animations/LittleSquirrel.controller
  artifactKey: Guid(2f263363c252414469e2deeec717fa52) Importer(815301076,1909f56bfc062723c751e8b465ee728b)
Number of updated assets reloaded before import = 0
Start importing Assets/MyAssets/LittleFriends-CartoonAnimals-Lite/Animations/LittleSquirrel.controller using Guid(2f263363c252414469e2deeec717fa52) Importer(815301076,1909f56bfc062723c751e8b465ee728b)  -> (artifact id: '848957346577911b6693fcfe0e64bd29') in 0.010410 seconds 
Number of asset objects unloaded after import = 11
========================================================================
Received Prepare
Registering precompiled user dll's ...
Registered in 0.003930 seconds.
Begin MonoManager ReloadAssembly
Native extension for WindowsStandalone target not found
Refreshing native plugins compatible for Editor in 0.90 ms, found 3 plugins.
Preloading 0 native plugins for Editor in 0.00 ms.
[Package Manager] Server::EnsureServerProcessIsRunning -- launch failed, reason: Unity was launched with the -noUpm command-line argument
[Package Manager] Cannot connect to Unity Package Manager local server
Mono: successfully reloaded assembly
- Completed reload, in  1.241 seconds
Domain Reload Profiling:
	ReloadAssembly (1241ms)
		BeginReloadAssembly (132ms)
			ExecutionOrderSort (0ms)
			DisableScriptedObjects (3ms)
			BackupInstance (0ms)
			ReleaseScriptingObjects (0ms)
			CreateAndSetChildDomain (23ms)
		EndReloadAssembly (1036ms)
			LoadAssemblies (99ms)
			RebuildTransferFunctionScriptingTraits (0ms)
			SetupTypeCache (189ms)
			ReleaseScriptCaches (1ms)
			RebuildScriptCaches (28ms)
			SetupLoadedEditorAssemblies (714ms)
				LogAssemblyErrors (0ms)
				InitializePlatformSupportModulesInManaged (10ms)
				SetLoadedEditorAssemblies (1ms)
				RefreshPlugins (1ms)
				BeforeProcessingInitializeOnLoad (68ms)
				ProcessInitializeOnLoadAttributes (603ms)
				ProcessInitializeOnLoadMethodAttributes (19ms)
				AfterProcessingInitializeOnLoad (12ms)
				EditorAssembliesLoaded (0ms)
			ExecutionOrderSort2 (0ms)
			AwakeInstancesAfterBackupRestoration (11ms)
Platform modules already initialized, skipping
Refreshing native plugins compatible for Editor in 0.63 ms, found 3 plugins.
Preloading 0 native plugins for Editor in 0.00 ms.
Unloading 3153 Unused Serialized files (Serialized files now loaded: 0)
Unloading 19 unused Assets / (21.9 KB). Loaded Objects now: 3746.
Memory consumption went from 128.1 MB to 128.1 MB.
Total: 3.152100 ms (FindLiveObjects: 0.228700 ms CreateObjectMapping: 0.179700 ms MarkObjects: 2.711100 ms  DeleteObjects: 0.031600 ms)

AssetImportParameters requested are different than current active one (requested -> active):
  custom:video-decoder-ogg-theora: a1e56fd34408186e4bbccfd4996cb3dc -> 
  custom:container-muxer-webm: aa71ff27fc2769a1b78a27578f13a17b -> 
  custom:container-demuxer-webm: 4f35f7cbe854078d1ac9338744f61a02 -> 
  custom:video-encoder-webm-vp8: eb34c28f22e8b96e1ab97ce403110664 -> 
  custom:video-codec-MediaFoundation-h265: 746d11721c4dcdbdad8f713fa42b33f4 -> 
  custom:CustomObjectIndexerAttribute: bc11b3a6c3213fcdd17b65e7da85e133 -> 
  custom:audio-encoder-webm-vorbis: bf7c407c2cedff20999df2af8eb42d56 -> 
  custom:framework-win-MediaFoundation: 216162199b28c13a410421893ffa2e32 -> 
  custom:SearchIndexIgnoredProperties: e643bd26f0fe6173181afceb89e7c659 -> 
  custom:container-demuxer-ogg: 62fdf1f143b41e24485cea50d1cbac27 -> 
  custom:video-decoder-webm-vp8: 9c59270c3fd7afecdb556c50c9e8de78 -> 
  custom:audio-decoder-ogg-vorbis: bf7c407c2cedff20999df2af8eb42d56 -> 
